periodo,tienda_id,ciudad,canal_principal,ventas_mensuales,clientes,pedidos,visitas_web,inversion_marketing,descuento_promedio,ticket_promedio,satisfaccion,reclamos,tiempo_entrega_dias,costo_logistico,tasa_conversion
2024-01-01,T01,Cusco,Mixto,138521.42,1839,1498,31880,42347.91,8.13,92.64,4.4,10,3.89,13463.16,4.34
2024-02-01,T01,Cusco,Mixto,131347.71,1837,1452,34031,44353.16,8.72,86.74,4.35,8,4.05,9183.76,3.87
2024-03-01,T01,Cusco,Mixto,125321.0,1986,1510,31197,41095.47,11.07,80.51,3.96,19,4.51,12801.02,5.09
2024-04-01,T01,Cusco,Mixto,152746.3,1992,1589,29873,39305.27,7.52,92.62,4.62,9,3.0,14712.22,5.01
2024-05-01,T01,Cusco,Mixto,144961.39,1996,1666,34747,44860.34,5.67,88.29,4.52,8,4.0,10625.89,4.98
2024-06-01,T01,Cusco,Mixto,105047.66,1664,1249,32405,42083.74,17.16,86.6,4.53,5,4.26,12947.86,3.61
2024-07-01,T01,Cusco,Mixto,115169.77,1841,1445,33585,42688.42,9.1,78.55,4.24,13,3.89,18884.86,4.34
2024-08-01,T01,Cusco,Mixto,118894.88,1668,1241,30991,41863.92,6.7,97.87,4.88,7,3.4,14088.54,3.96
2024-09-01,T01,Cusco,Mixto,129191.68,1546,1250,28509,37096.9,9.48,98.06,4.31,11,3.13,14503.19,4.78
2024-10-01,T01,Cusco,Mixto,127552.18,1567,1310,29576,37383.32,5.57,81.98,4.02,23,4.64,13638.18,4.31
2024-11-01,T01,Cusco,Mixto,123652.58,1526,1148,32582,41903.96,8.54,91.6,4.39,11,3.58,15532.3,2.91
2024-12-01,T01,Cusco,Mixto,131102.16,1908,1428,33652,45899.51,8.29,90.62,4.56,7,3.62,17478.59,4.4
2025-01-01,T01,Cusco,Mixto,135684.12,1821,1394,33745,45036.67,5.96,91.53,4.29,18,3.93,21140.55,3.87
2025-02-01,T01,Cusco,Mixto,100933.74,1663,1275,32277,41875.22,7.17,75.73,3.91,21,4.46,9908.93,3.69
2025-03-01,T01,Cusco,Mixto,123547.51,1691,1241,35407,43985.02,14.14,102.95,4.36,10,3.09,14169.87,4.02
2025-04-01,T01,Cusco,Mixto,144640.28,1913,1562,32347,41674.76,5.15,90.4,4.36,11,3.59,13229.85,4.97
2025-05-01,T01,Cusco,Mixto,165852.57,2013,1613,35624,47527.35,9.89,87.14,4.16,18,3.8,18557.22,4.3
2025-06-01,T01,Cusco,Mixto,137090.34,2035,1625,30916,39235.13,10.27,83.57,4.86,5,2.84,14226.05,5.17
2025-07-01,T01,Cusco,Mixto,139520.67,1905,1515,34628,43686.4,12.49,90.21,4.8,0,2.39,15137.85,4.89
2025-08-01,T01,Cusco,Mixto,146610.22,1792,1394,26939,33810.79,12.64,90.48,4.46,11,3.22,16664.27,5.7
2025-09-01,T01,Cusco,Mixto,138943.34,1784,1390,30054,38632.12,5.7,97.3,4.65,9,3.42,17182.79,5.17
2025-10-01,T01,Cusco,Mixto,90472.72,1409,1109,28943,39019.78,10.79,85.12,4.72,6,3.51,5993.55,3.63
2025-11-01,T01,Cusco,Mixto,131271.97,1829,1484,27457,38225.77,10.16,97.61,4.26,12,3.97,16263.09,4.93
2025-12-01,T01,Cusco,Mixto,162514.73,2138,1744,37053,50778.45,12.65,87.95,4.35,10,4.25,16658.52,4.66
2024-01-01,T02,Trujillo,Tienda,163507.9,2209,1677,30745,45494.86,6.7,90.68,4.04,19,4.11,21835.95,5.71
2024-02-01,T02,Trujillo,Tienda,196499.24,2260,1936,32961,49175.22,7.72,93.24,5.0,0,2.2,14623.0,5.39
2024-03-01,T02,Trujillo,Tienda,165029.88,2265,1823,31203,45560.49,9.15,86.08,4.33,11,2.52,16850.32,6.07
2024-04-01,T02,Trujillo,Tienda,171294.63,2339,1802,33168,49428.28,7.9,94.07,4.62,7,3.41,20364.77,4.83
2024-05-01,T02,Trujillo,Tienda,148332.82,1961,1397,29161,43953.01,9.55,94.98,4.28,12,3.71,20314.82,4.82
2024-06-01,T02,Trujillo,Tienda,126430.94,2034,1510,28879,43801.73,13.82,78.96,4.73,3,3.1,14902.08,5.19
2024-07-01,T02,Trujillo,Tienda,158786.1,2292,1771,28163,41950.54,13.2,85.98,4.59,7,2.71,20540.05,6.19
2024-08-01,T02,Trujillo,Tienda,182933.02,2058,1604,26876,37328.65,9.98,100.28,4.39,10,3.51,19131.15,6.29
2024-09-01,T02,Trujillo,Tienda,128335.63,1893,1494,26273,37728.16,3.2,86.47,4.35,9,2.84,20035.5,6.02
2024-10-01,T02,Trujillo,Tienda,133248.06,1864,1446,25068,36762.51,8.05,97.07,4.58,7,3.4,23125.34,5.84
2024-11-01,T02,Trujillo,Tienda,139868.27,1930,1562,30435,45020.57,10.2,83.25,4.38,12,3.21,15794.77,5.05
2024-12-01,T02,Trujillo,Tienda,193640.86,2282,1863,32768,51475.53,7.81,97.39,4.17,13,3.12,14038.16,4.8
2025-01-01,T02,Trujillo,Tienda,174013.73,2393,1919,28526,42528.81,8.17,89.23,4.09,18,3.56,19000.97,6.93
2025-02-01,T02,Trujillo,Tienda,189550.33,2262,1893,29161,44278.61,8.46,100.29,4.95,7,2.81,19206.79,6.57
2025-03-01,T02,Trujillo,Tienda,156235.24,2220,1693,35145,53108.82,10.78,83.57,4.09,12,3.55,13437.46,4.31
2025-04-01,T02,Trujillo,Tienda,180700.06,2263,1776,30977,46050.87,6.18,96.2,4.57,8,3.21,20138.34,5.82
2025-05-01,T02,Trujillo,Tienda,169133.04,2277,1779,35790,54613.96,6.51,90.87,4.46,8,2.73,14181.95,5.24
2025-06-01,T02,Trujillo,Tienda,145239.31,2149,1656,33479,48847.52,8.81,90.07,4.17,15,3.4,10021.69,5.35
2025-07-01,T02,Trujillo,Tienda,189863.9,2213,1772,32372,51802.88,9.0,94.7,4.68,3,2.66,15755.03,5.54
2025-08-01,T02,Trujillo,Tienda,138653.64,1813,1449,33636,47210.17,7.81,87.75,4.59,6,2.39,7701.38,4.46
2025-09-01,T02,Trujillo,Tienda,132127.16,2043,1573,25900,38586.15,10.25,78.85,4.54,6,3.6,14873.48,5.65
2025-10-01,T02,Trujillo,Tienda,111464.33,1736,1288,28822,41269.43,13.06,83.5,4.32,12,3.43,9922.7,4.61
2025-11-01,T02,Trujillo,Tienda,112489.59,1791,1504,25508,38727.23,16.14,84.27,5.0,2,1.97,10306.07,5.84
2025-12-01,T02,Trujillo,Tienda,166626.38,2365,1902,30020,46460.0,12.48,86.28,4.76,7,3.68,11149.76,6.39
2024-01-01,T03,Cusco,Mixto,134482.68,1955,1533,18662,17593.52,9.89,84.48,4.65,9,3.19,12885.94,7.71
2024-02-01,T03,Cusco,Mixto,88328.85,1639,1273,18142,19728.95,10.35,84.98,4.34,12,2.86,10620.03,6.8
2024-03-01,T03,Cusco,Mixto,153859.64,1920,1540,18540,16260.99,8.53,94.11,4.3,15,4.03,14441.4,8.17
2024-04-01,T03,Cusco,Mixto,140649.32,1963,1648,17530,19194.17,8.31,95.72,4.46,8,3.57,12059.81,8.71
2024-05-01,T03,Cusco,Mixto,118063.75,1669,1305,17896,17391.21,8.84,94.71,4.15,13,3.67,14779.79,7.23
2024-06-01,T03,Cusco,Mixto,129109.59,1794,1463,18554,21857.1,5.6,81.77,4.27,12,3.79,10317.89,7.85
2024-07-01,T03,Cusco,Mixto,78993.88,1520,1103,19888,23960.1,14.15,77.48,4.06,20,4.6,10075.6,5.71
2024-08-01,T03,Cusco,Mixto,141122.6,1642,1307,17496,17300.3,2.71,97.37,3.81,23,4.24,8737.92,7.5
2024-09-01,T03,Cusco,Mixto,147133.9,1844,1490,18199,20189.83,8.16,84.18,4.49,12,3.31,19203.49,7.91
2024-10-01,T03,Cusco,Mixto,106691.53,1645,1328,19454,19694.76,10.78,89.78,4.32,12,4.15,10145.24,6.44
2024-11-01,T03,Cusco,Mixto,132995.78,1857,1556,20320,22592.96,9.57,80.85,4.03,20,4.54,10136.04,7.64
2024-12-01,T03,Cusco,Mixto,145344.49,2177,1778,19208,21037.46,11.43,80.55,4.26,12,3.94,11067.0,9.41
2025-01-01,T03,Cusco,Mixto,87972.21,1435,1126,19385,20095.05,9.11,83.71,4.29,14,4.38,11874.52,6.19
2025-02-01,T03,Cusco,Mixto,120756.06,1790,1334,20167,23305.08,7.38,91.23,4.22,13,3.92,14309.82,6.49
2025-03-01,T03,Cusco,Mixto,116566.52,1886,1416,18763,21255.99,3.07,79.77,3.77,27,4.59,12833.82,7.91
2025-04-01,T03,Cusco,Mixto,152157.87,1833,1550,12470,12174.23,6.5,88.43,4.23,17,3.59,14673.09,13.0
2025-05-01,T03,Cusco,Mixto,153133.42,2101,1654,19026,20588.7,11.38,85.25,4.87,5,4.0,14468.49,8.96
2025-06-01,T03,Cusco,Mixto,105089.38,1818,1437,18710,19884.62,10.87,79.82,3.83,24,4.03,12172.22,7.47
2025-07-01,T03,Cusco,Mixto,123471.01,1651,1278,19676,23009.74,9.18,93.41,4.37,7,3.77,6521.95,6.49
2025-08-01,T03,Cusco,Mixto,109284.05,1583,1249,16861,17193.75,5.72,82.98,3.89,26,4.32,10918.6,6.66
2025-09-01,T03,Cusco,Mixto,80522.08,1365,1042,12791,11758.37,11.94,82.53,4.24,15,3.82,5000.0,8.26
2025-10-01,T03,Cusco,Mixto,109258.81,1503,1290,16046,17286.87,5.42,89.94,3.83,24,4.93,14182.81,8.21
2025-11-01,T03,Cusco,Mixto,122794.87,1672,1396,16875,15220.21,3.73,91.35,4.47,10,4.09,11506.17,8.23
2025-12-01,T03,Cusco,Mixto,164144.16,1945,1564,22787,27315.55,13.26,92.88,4.29,13,3.84,19141.37,6.52
2024-01-01,T04,Arequipa,Mixto,129995.54,1739,1430,32596,42520.79,12.36,89.02,4.48,9,3.59,5000.0,4.5
2024-02-01,T04,Arequipa,Mixto,115013.47,1306,1061,26995,33267.18,12.84,84.8,4.67,5,2.46,13255.74,4.42
2024-03-01,T04,Arequipa,Mixto,129195.43,1594,1252,35038,46928.05,6.92,97.93,4.81,3,2.35,12665.59,3.64
2024-04-01,T04,Arequipa,Mixto,104193.54,1631,1221,37509,49056.01,10.24,91.11,4.37,10,2.87,13675.89,3.37
2024-05-01,T04,Arequipa,Mixto,141509.87,1549,1245,35751,48531.1,13.14,98.95,4.85,4,2.83,15671.09,3.71
2024-06-01,T04,Arequipa,Mixto,133863.59,1705,1400,34057,45329.87,10.77,89.04,4.64,7,2.7,12355.11,4.34
2024-07-01,T04,Arequipa,Mixto,123874.76,1556,1323,34878,47438.46,9.14,90.75,4.71,4,2.19,14631.5,3.9
2024-08-01,T04,Arequipa,Mixto,129580.14,1593,1298,29707,41673.25,9.1,88.45,4.21,15,2.9,14111.66,4.22
2024-09-01,T04,Arequipa,Mixto,107401.67,1399,1105,32107,40647.75,10.9,84.04,4.85,6,2.79,11698.83,3.21
2024-10-01,T04,Arequipa,Mixto,124481.81,1333,1088,27123,35772.34,8.43,89.69,4.23,10,3.34,18359.79,4.06
2024-11-01,T04,Arequipa,Mixto,104504.46,1493,1209,30849,40410.99,12.17,82.32,4.18,13,3.9,13337.82,4.35
2024-12-01,T04,Arequipa,Mixto,159466.27,1777,1331,35637,48118.72,12.64,95.96,4.72,3,2.22,20709.89,3.81
2025-01-01,T04,Arequipa,Mixto,129898.95,1661,1316,32346,42318.01,4.68,96.16,4.38,8,2.88,13445.93,4.31
2025-02-01,T04,Arequipa,Mixto,138350.64,1588,1335,35778,45519.26,12.48,94.7,4.66,8,3.37,16293.57,3.4
2025-03-01,T04,Arequipa,Mixto,103795.34,1559,1180,37497,48751.08,8.24,84.09,4.69,6,3.56,11755.31,3.49
2025-04-01,T04,Arequipa,Mixto,124517.73,1802,1360,34965,45926.13,8.34,88.74,4.42,13,3.1,12723.06,3.82
2025-05-01,T04,Arequipa,Mixto,109429.91,1538,1198,29950,39796.92,12.61,86.55,4.25,13,3.86,12177.94,4.52
2025-06-01,T04,Arequipa,Mixto,110881.03,1307,997,29169,37519.35,7.92,96.66,4.52,9,3.48,15436.33,3.5
2025-07-01,T04,Arequipa,Mixto,118619.13,1816,1442,33592,44429.41,8.03,80.35,3.77,26,3.91,7746.16,4.0
2025-08-01,T04,Arequipa,Mixto,143026.49,1862,1588,29149,37907.21,3.66,92.41,4.42,9,2.9,9011.68,5.22
2025-09-01,T04,Arequipa,Mixto,100239.4,1522,1230,29170,39570.84,10.77,87.33,4.23,13,3.57,12442.37,4.4
2025-10-01,T04,Arequipa,Mixto,107066.72,1666,1382,29347,38070.64,14.49,79.7,4.8,8,3.51,8039.56,4.31
2025-11-01,T04,Arequipa,Mixto,132833.08,1510,1186,28577,37539.42,6.54,105.4,4.57,8,2.73,11880.72,4.09
2025-12-01,T04,Arequipa,Mixto,104081.49,1389,1007,32677,46082.89,15.71,85.95,4.8,4,1.86,13223.86,2.81
2024-01-01,T05,Trujillo,Mixto,137420.55,2041,1575,25259,29978.64,5.86,83.87,4.27,13,3.61,11760.85,6.24
2024-02-01,T05,Trujillo,Mixto,181421.34,2122,1777,26970,31542.82,7.51,99.01,5.0,3,2.75,11650.56,6.54
2024-03-01,T05,Trujillo,Mixto,175689.32,2176,1818,21329,25763.0,7.24,94.73,4.29,16,3.47,16203.88,8.82
2024-04-01,T05,Trujillo,Mixto,168798.04,2229,1732,25614,31443.92,10.85,91.72,4.35,14,3.24,22206.42,6.65
2024-05-01,T05,Trujillo,Mixto,137129.26,1999,1581,25307,31946.79,8.39,96.21,4.23,10,4.19,17641.69,6.27
2024-06-01,T05,Trujillo,Mixto,111540.44,1820,1436,26971,30518.53,7.77,87.62,4.36,12,3.75,15249.82,4.85
2024-07-01,T05,Trujillo,Mixto,104714.55,1874,1417,23754,28449.63,14.11,86.62,5.0,1,2.15,15031.61,5.13
2024-08-01,T05,Trujillo,Mixto,121176.54,1631,1341,21295,25774.83,14.14,84.98,4.52,5,3.52,17185.64,6.07
2024-09-01,T05,Trujillo,Mixto,126075.47,1728,1264,21162,24056.56,4.55,91.48,4.35,8,3.83,9884.37,6.23
2024-10-01,T05,Trujillo,Mixto,141679.81,1794,1538,22835,26336.11,8.4,86.93,4.9,6,3.66,13104.78,6.43
2024-11-01,T05,Trujillo,Mixto,123685.14,1872,1431,27588,33242.48,10.57,80.72,4.47,12,3.24,14707.27,5.08
2024-12-01,T05,Trujillo,Mixto,140737.58,2086,1632,24570,30358.52,14.41,81.46,3.96,18,3.8,19598.97,7.01
2025-01-01,T05,Trujillo,Mixto,138418.04,1719,1412,25872,31372.69,10.02,93.63,4.83,4,2.42,19065.52,5.82
2025-02-01,T05,Trujillo,Mixto,133902.76,1872,1468,17046,20542.52,5.96,94.75,4.73,4,3.35,19233.21,8.45
2025-03-01,T05,Trujillo,Mixto,157616.0,1815,1555,26631,32232.11,5.05,100.16,4.65,6,3.2,14384.42,5.66
2025-04-01,T05,Trujillo,Mixto,148012.19,2167,1754,26822,33355.15,15.24,75.14,4.3,15,3.58,12487.9,7.21
2025-05-01,T05,Trujillo,Mixto,154745.0,2259,1786,27002,33938.59,12.92,88.51,4.62,8,3.18,19061.97,6.81
2025-06-01,T05,Trujillo,Mixto,112397.09,1994,1515,25134,32102.7,8.77,88.76,4.89,1,2.4,15478.98,5.83
2025-07-01,T05,Trujillo,Mixto,131912.47,1871,1572,25584,31720.05,16.25,84.39,4.9,4,3.46,15732.48,6.11
2025-08-01,T05,Trujillo,Mixto,151032.03,2027,1594,24293,25622.12,10.0,96.11,4.83,3,3.35,17211.8,6.86
2025-09-01,T05,Trujillo,Mixto,84976.83,1558,1142,20648,25979.8,12.15,88.96,4.89,3,2.33,8474.8,6.16
2025-10-01,T05,Trujillo,Mixto,125859.15,1618,1389,19337,20808.96,9.92,93.32,4.4,12,3.61,8687.71,7.28
2025-11-01,T05,Trujillo,Mixto,117409.17,1663,1312,21758,26422.95,5.91,94.4,4.65,7,2.71,8057.99,5.86
2025-12-01,T05,Trujillo,Mixto,188263.75,2343,1872,24580,29982.53,11.88,97.55,3.97,20,3.57,21006.76,7.89
2024-01-01,T06,Lima,Mixto,141813.34,2419,1924,12034,10522.11,3.58,85.43,4.39,10,3.42,14156.82,15.86
2024-02-01,T06,Lima,Mixto,225153.4,3086,2427,17443,21212.11,9.87,95.81,4.71,10,3.04,18729.51,14.14
2024-03-01,T06,Lima,Mixto,226233.89,2778,2293,14120,12979.28,8.71,98.47,4.6,3,3.16,19446.88,16.41
2024-04-01,T06,Lima,Mixto,196842.92,2786,2154,18074,19871.03,7.24,86.66,4.53,8,2.5,18704.92,11.8
2024-05-01,T06,Lima,Mixto,194254.07,2854,2180,17088,18826.55,9.45,94.26,4.62,5,2.35,18123.6,12.86
2024-06-01,T06,Lima,Mixto,191898.17,2653,2014,17311,17718.3,9.97,94.42,4.07,18,3.27,16769.59,11.6
2024-07-01,T06,Lima,Mixto,181605.43,2550,2076,13390,13080.2,8.05,89.49,4.54,7,2.45,19398.05,15.6
2024-08-01,T06,Lima,Mixto,214504.29,2842,2176,16734,16831.82,5.02,91.57,4.74,7,3.32,21982.59,12.94
2024-09-01,T06,Lima,Mixto,197597.1,2529,1981,15033,14221.04,10.49,106.43,4.57,7,2.74,16769.01,13.35
2024-10-01,T06,Lima,Mixto,196154.08,2577,2112,15996,15371.58,13.45,86.91,4.02,16,3.32,16739.75,13.25
2024-11-01,T06,Lima,Mixto,176041.13,2540,2077,14041,15394.68,8.43,81.36,4.52,3,3.24,20054.44,14.34
2024-12-01,T06,Lima,Mixto,223701.07,3074,2505,18200,19283.89,15.56,89.39,4.77,4,2.32,16038.91,13.88
2025-01-01,T06,Lima,Mixto,206967.59,2791,2213,15720,11282.59,14.04,95.06,4.93,3,2.09,19891.04,14.17
2025-02-01,T06,Lima,Mixto,217970.47,2836,2136,16111,15523.92,4.48,99.13,4.58,5,2.95,20403.75,12.81
2025-03-01,T06,Lima,Mixto,216987.89,2858,2338,15078,15097.48,9.69,88.3,4.48,7,3.05,15856.33,15.09
2025-04-01,T06,Lima,Mixto,177962.97,2804,2242,16356,16903.39,9.57,80.05,3.88,23,4.01,10281.49,13.78
2025-05-01,T06,Lima,Mixto,235569.4,2965,2359,22584,24468.1,2.63,98.57,4.64,4,2.61,23210.23,10.27
2025-06-01,T06,Lima,Mixto,215083.3,2946,2240,17394,16068.74,14.38,94.23,4.88,1,1.93,18663.81,12.9
2025-07-01,T06,Lima,Mixto,185517.73,2941,2321,17568,18387.19,14.56,79.29,4.92,1,1.91,18230.47,13.1
2025-08-01,T06,Lima,Mixto,191678.87,2721,2065,19881,20795.96,9.88,87.22,4.77,2,2.27,16449.15,10.19
2025-09-01,T06,Lima,Mixto,167830.37,2645,2130,16460,13639.16,9.2,80.68,4.04,17,3.95,13773.01,12.63
2025-10-01,T06,Lima,Mixto,166007.19,2274,1851,14416,14760.89,9.2,79.97,4.05,21,4.25,18527.01,12.44
2025-11-01,T06,Lima,Mixto,197624.53,2336,1941,17007,16123.34,6.25,94.62,4.22,15,2.75,13865.66,11.5
2025-12-01,T06,Lima,Mixto,197441.22,2874,2270,20501,22362.47,11.09,85.94,4.42,7,2.53,17739.91,11.06
2024-01-01,T07,Cusco,Mixto,110914.59,1378,1062,30284,39157.85,9.0,91.15,4.8,0,2.74,5000.0,3.59
2024-02-01,T07,Cusco,Mixto,101101.44,1506,1159,31172,39606.33,8.27,76.4,4.21,17,4.31,13942.85,3.46
2024-03-01,T07,Cusco,Mixto,128049.21,1682,1430,31892,43166.7,9.16,82.89,4.5,10,3.68,14037.57,4.55
2024-04-01,T07,Cusco,Mixto,100255.02,1764,1335,30669,40688.34,4.81,84.69,4.48,9,3.81,7392.51,4.24
2024-05-01,T07,Cusco,Mixto,119083.5,1457,1166,32376,43126.96,7.06,89.09,4.26,14,4.17,8329.95,3.8
2024-06-01,T07,Cusco,Mixto,124335.33,1657,1376,28705,36158.35,10.9,85.07,4.23,16,3.89,11555.74,4.61
2024-07-01,T07,Cusco,Mixto,105297.22,1325,928,29530,36939.39,7.45,93.99,4.21,14,4.79,12708.76,2.54
2024-08-01,T07,Cusco,Mixto,65410.05,1188,952,27055,36708.46,6.81,84.0,4.4,10,4.1,6310.47,3.05
2024-09-01,T07,Cusco,Mixto,78252.89,1235,905,27588,35923.11,8.64,92.48,4.2,15,4.39,10191.92,3.14
2024-10-01,T07,Cusco,Mixto,103978.62,1166,954,28326,35361.27,0.47,93.98,5.0,2,2.2,5543.76,3.04
2024-11-01,T07,Cusco,Mixto,97747.64,1032,889,29165,37759.55,6.15,96.65,4.44,6,3.14,9271.22,2.79
2024-12-01,T07,Cusco,Mixto,107426.03,1432,1235,34905,46787.69,9.76,81.18,4.41,7,3.16,5000.0,3.43
2025-01-01,T07,Cusco,Mixto,68637.9,1239,920,24824,31972.86,9.69,76.16,3.9,24,4.9,5531.88,3.98
2025-02-01,T07,Cusco,Mixto,100462.43,1399,1067,28268,35780.47,8.34,85.3,4.39,11,3.45,10800.11,3.65
2025-03-01,T07,Cusco,Mixto,94890.1,1522,1182,33068,43559.49,11.16,73.57,3.68,34,4.73,13090.32,3.63
2025-04-01,T07,Cusco,Mixto,96154.67,1537,1198,29803,39722.76,6.85,85.99,4.41,11,3.64,12746.89,4.09
2025-05-01,T07,Cusco,Mixto,103628.51,1576,1270,33618,44099.1,15.2,81.52,4.22,15,3.75,12457.85,3.36
2025-06-01,T07,Cusco,Mixto,103924.21,1502,1114,33937,43221.67,13.98,87.86,3.92,25,4.14,12397.19,3.28
2025-07-01,T07,Cusco,Mixto,94671.5,1589,1286,29953,38648.4,11.8,79.72,4.5,9,3.37,5000.0,4.36
2025-08-01,T07,Cusco,Mixto,113492.4,1520,1169,27897,34325.03,11.06,85.13,4.41,8,3.58,13394.41,4.47
2025-09-01,T07,Cusco,Mixto,103734.17,1596,1211,27283,36585.57,10.39,89.92,4.65,8,3.25,7001.48,4.79
2025-10-01,T07,Cusco,Mixto,117707.62,1415,1156,32161,43111.6,5.94,83.42,4.56,7,2.8,13605.22,3.5
2025-11-01,T07,Cusco,Mixto,92267.03,1427,1125,27489,33920.26,5.06,79.71,4.28,13,3.69,6017.9,4.08
2025-12-01,T07,Cusco,Mixto,99264.58,1271,945,32837,42820.47,12.44,91.4,3.99,20,4.01,9703.62,2.69
2024-01-01,T08,Lima,Online,173140.74,2265,1831,36651,43290.02,11.2,93.67,4.57,3,3.15,22875.08,5.07
2024-02-01,T08,Lima,Online,166956.14,2170,1765,33177,38396.3,6.07,88.96,5.0,4,2.42,18214.27,5.59
2024-03-01,T08,Lima,Online,190345.08,2493,1953,38360,46047.83,11.16,92.49,4.74,3,2.76,19023.39,5.08
2024-04-01,T08,Lima,Online,191764.0,2780,2162,39143,46590.48,15.55,82.93,4.52,6,3.29,18001.02,5.6
2024-05-01,T08,Lima,Online,180699.21,2488,2048,39486,48120.55,10.1,86.61,5.0,1,2.52,21051.31,5.08
2024-06-01,T08,Lima,Online,175947.64,2327,1886,36311,44290.21,10.68,92.49,4.99,4,2.11,14496.84,5.04
2024-07-01,T08,Lima,Online,186252.44,2564,2067,36486,42115.79,7.21,88.52,5.0,3,3.39,15022.76,5.57
2024-08-01,T08,Lima,Online,184796.4,2121,1679,32320,35810.22,7.95,104.11,4.74,1,2.98,14910.91,4.67
2024-09-01,T08,Lima,Online,143779.8,2011,1558,35316,38229.09,6.39,86.55,4.75,5,3.0,8244.26,4.36
2024-10-01,T08,Lima,Online,149514.84,1967,1501,32399,37658.73,10.69,96.12,4.78,3,2.6,16549.77,4.82
2024-11-01,T08,Lima,Online,162034.23,2133,1749,33738,36784.18,9.04,88.46,4.18,13,3.68,11590.46,5.21
2024-12-01,T08,Lima,Online,204307.81,2498,1922,36406,44767.35,13.62,100.4,4.71,6,2.83,16313.56,4.89
2025-01-01,T08,Lima,Online,160521.76,2133,1617,38653,46858.05,8.15,97.92,4.56,4,2.65,19336.27,4.33
2025-02-01,T08,Lima,Online,135169.06,2075,1591,35544,41896.99,8.76,93.01,4.27,14,3.34,10031.31,4.58
2025-03-01,T08,Lima,Online,212389.81,2584,2077,36043,46201.77,8.45,94.61,4.92,4,2.27,19726.14,5.21
2025-04-01,T08,Lima,Online,193670.66,2491,1897,37978,44514.76,0.42,88.27,4.56,6,3.2,12405.63,5.37
2025-05-01,T08,Lima,Online,184694.64,2580,2056,38415,45455.12,15.38,92.21,4.79,6,2.9,22357.49,5.71
2025-06-01,T08,Lima,Online,180994.42,2493,2030,38681,42517.51,8.14,88.48,4.78,0,2.29,16140.55,5.36
2025-07-01,T08,Lima,Online,213867.52,2673,2113,38099,43558.13,12.78,96.6,4.83,5,2.84,22236.51,5.46
2025-08-01,T08,Lima,Online,159806.15,2458,1924,35576,40999.29,9.03,76.13,4.69,2,3.39,21562.4,5.46
2025-09-01,T08,Lima,Online,167625.71,1925,1420,35489,41372.58,9.24,106.67,4.63,8,2.68,19649.0,4.45
2025-10-01,T08,Lima,Online,148848.85,1685,1319,33261,37005.47,7.06,101.63,4.89,4,2.17,16871.97,3.95
2025-11-01,T08,Lima,Online,128602.41,1857,1325,33767,38805.8,13.4,97.63,4.9,3,2.88,14982.3,4.68
2025-12-01,T08,Lima,Online,208877.85,2725,2128,41151,51962.41,11.33,86.73,4.34,10,3.13,12141.97,5.32
2024-01-01,T09,Cusco,Tienda,110951.24,1575,1238,18792,26764.13,7.55,92.15,3.83,22,4.23,14866.37,6.93
2024-02-01,T09,Cusco,Tienda,99926.01,1374,1132,19543,30307.07,5.75,87.58,4.06,17,3.97,13435.71,5.66
2024-03-01,T09,Cusco,Tienda,104202.32,1802,1378,23157,34649.17,8.01,77.0,4.71,3,2.89,16629.41,5.44
2024-04-01,T09,Cusco,Tienda,130296.53,1870,1565,18735,27288.78,2.48,83.34,4.56,11,3.45,12273.04,8.39
2024-05-01,T09,Cusco,Tienda,129370.68,2081,1606,24395,35140.69,11.88,78.06,3.62,32,4.8,11171.6,6.29
2024-06-01,T09,Cusco,Tienda,157067.77,1828,1436,22047,31335.58,11.07,91.14,3.99,19,4.11,15001.3,6.74
2024-07-01,T09,Cusco,Tienda,117371.95,1664,1288,24084,33942.21,12.25,92.99,4.4,6,3.34,5862.28,4.97
2024-08-01,T09,Cusco,Tienda,98663.81,1446,1065,16207,23348.81,12.7,90.6,4.38,9,3.37,9387.98,6.67
2024-09-01,T09,Cusco,Tienda,100908.94,1335,1057,17951,28358.78,8.22,100.8,4.41,11,3.92,11306.28,5.86
2024-10-01,T09,Cusco,Tienda,109887.87,1444,1196,19767,25735.07,7.04,95.55,4.47,11,3.8,19906.41,6.01
2024-11-01,T09,Cusco,Tienda,116342.55,1300,1107,15017,19473.3,10.36,95.88,4.46,13,3.94,14088.76,7.65
2024-12-01,T09,Cusco,Tienda,142728.88,1697,1452,22434,31788.32,10.36,87.47,4.16,17,4.24,9401.05,6.41
2025-01-01,T09,Cusco,Tienda,109110.52,1615,1159,25894,34704.34,7.96,95.52,4.15,18,4.18,14222.82,4.55
2025-02-01,T09,Cusco,Tienda,132921.7,1648,1370,20798,30916.7,10.77,92.42,4.77,4,2.91,16463.91,6.57
2025-03-01,T09,Cusco,Tienda,106370.86,1666,1447,19336,29953.8,8.7,84.77,3.87,24,4.07,10688.17,6.86
2025-04-01,T09,Cusco,Tienda,150691.96,1992,1670,24401,34587.72,13.71,93.45,4.56,8,3.83,17395.78,6.3
2025-05-01,T09,Cusco,Tienda,134654.95,2084,1688,24568,33014.51,10.07,83.07,4.25,16,3.9,19262.51,6.57
2025-06-01,T09,Cusco,Tienda,126888.76,1688,1356,23767,33548.65,12.95,87.25,4.11,15,4.35,21583.43,5.84
2025-07-01,T09,Cusco,Tienda,105995.05,1499,1131,24521,33602.67,14.91,79.76,3.86,23,3.96,12630.7,4.97
2025-08-01,T09,Cusco,Tienda,85660.24,1333,1041,18528,24678.97,11.31,83.47,4.25,9,3.07,7173.8,5.61
2025-09-01,T09,Cusco,Tienda,104437.61,1367,1188,19995,29466.65,9.59,87.0,4.76,8,3.42,16585.67,5.69
2025-10-01,T09,Cusco,Tienda,92420.1,1444,1076,18476,25965.11,12.38,85.49,4.53,10,3.8,8551.41,6.0
2025-11-01,T09,Cusco,Tienda,114243.14,1305,968,20087,26208.14,7.56,93.12,4.67,5,3.71,5867.91,5.21
2025-12-01,T09,Cusco,Tienda,105815.79,1768,1358,21476,30125.34,13.26,80.54,4.47,8,3.28,6488.89,6.2
2024-01-01,T10,Lima,Tienda,183930.67,2616,2049,25005,35871.15,13.02,86.1,5.0,3,2.34,19236.57,8.66
2024-02-01,T10,Lima,Tienda,176945.13,2556,2049,28113,38893.26,7.07,84.02,4.97,0,2.58,16632.74,7.67
2024-03-01,T10,Lima,Tienda,192283.49,2651,2027,22853,32453.37,11.67,92.8,5.0,4,2.5,15787.89,9.13
2024-04-01,T10,Lima,Tienda,245412.82,3029,2470,25118,35481.56,0.99,98.49,4.84,4,2.6,26121.87,9.81
2024-05-01,T10,Lima,Tienda,227528.7,2846,2253,24617,34915.95,5.96,94.47,4.9,0,2.79,22779.78,8.98
2024-06-01,T10,Lima,Tienda,215726.95,2658,2089,27008,36079.28,5.35,103.63,4.75,4,2.0,19208.42,7.45
2024-07-01,T10,Lima,Tienda,270952.35,3247,2656,25419,37577.8,7.03,96.89,4.42,11,3.06,24574.88,10.4
2024-08-01,T10,Lima,Tienda,205450.53,2621,2045,23559,36115.7,5.65,97.54,4.92,5,2.76,23200.04,8.47
2024-09-01,T10,Lima,Tienda,181027.9,2309,1882,19041,27243.12,13.91,91.24,4.5,9,2.32,19701.96,9.81
2024-10-01,T10,Lima,Tienda,203318.46,2336,2016,22736,31417.85,6.17,102.36,4.91,4,2.44,23496.53,8.98
2024-11-01,T10,Lima,Tienda,166315.16,2445,1928,22443,32719.69,8.7,87.2,5.0,5,2.45,18804.66,8.76
2024-12-01,T10,Lima,Tienda,209235.03,3097,2405,27024,39280.76,9.25,85.18,4.7,9,3.23,14066.71,8.98
2025-01-01,T10,Lima,Tienda,174500.82,2533,1977,21614,31087.66,7.5,83.32,4.84,5,2.41,20100.03,8.69
2025-02-01,T10,Lima,Tienda,200165.29,2917,2237,26582,38222.09,14.39,77.94,5.0,2,2.64,23028.86,8.71
2025-03-01,T10,Lima,Tienda,222348.1,2946,2320,25373,35378.4,9.21,90.21,4.92,5,2.83,24268.8,8.94
2025-04-01,T10,Lima,Tienda,213438.02,2821,2188,25763,35695.26,13.01,95.06,4.49,7,3.24,26665.32,8.47
2025-05-01,T10,Lima,Tienda,161060.33,2857,2199,25549,38968.34,17.57,76.93,4.44,10,3.05,21676.87,8.63
2025-06-01,T10,Lima,Tienda,171983.07,2548,1969,25931,39096.73,2.72,88.16,5.0,1,1.66,17860.54,7.68
2025-07-01,T10,Lima,Tienda,212627.23,3027,2466,28444,41190.44,12.4,85.99,4.76,3,2.87,22332.25,8.64
2025-08-01,T10,Lima,Tienda,145760.47,2418,1832,23293,31594.29,11.26,84.89,4.54,9,2.74,12884.55,7.74
2025-09-01,T10,Lima,Tienda,160392.55,2613,2066,21765,32549.17,14.29,86.05,4.51,8,3.0,23040.9,9.96
2025-10-01,T10,Lima,Tienda,174490.31,2311,1885,25408,37800.95,7.2,86.6,4.42,10,2.82,18367.01,7.01
2025-11-01,T10,Lima,Tienda,174131.47,2319,1888,23354,31420.14,1.33,83.88,4.35,10,3.28,15012.9,8.58
2025-12-01,T10,Lima,Tienda,237914.16,3064,2401,30162,44153.34,13.18,93.11,5.0,1,2.82,25749.25,7.87
2024-01-01,T11,Cusco,Online,73811.23,1212,892,20263,16722.5,14.46,77.54,4.32,13,3.86,6383.61,4.41
2024-02-01,T11,Cusco,Online,128035.52,1853,1420,24541,20892.86,8.85,89.69,4.52,9,3.78,14905.48,5.55
2024-03-01,T11,Cusco,Online,117489.64,1656,1458,25849,26519.35,9.73,79.04,3.94,22,4.65,18915.01,5.71
2024-04-01,T11,Cusco,Online,158735.99,1914,1618,29156,31679.31,6.85,80.78,3.71,32,5.11,16185.59,5.92
2024-05-01,T11,Cusco,Online,142191.42,2069,1534,27410,29120.11,11.97,84.03,4.01,23,3.55,13688.24,5.47
2024-06-01,T11,Cusco,Online,140389.21,1845,1420,25286,26392.43,3.27,85.0,4.16,17,4.38,12596.22,5.57
2024-07-01,T11,Cusco,Online,116621.42,1852,1375,25330,26798.28,13.6,78.02,4.23,16,3.95,14569.87,5.47
2024-08-01,T11,Cusco,Online,102613.94,1403,1104,25082,23228.47,7.62,90.48,4.15,16,3.73,13305.93,4.67
2024-09-01,T11,Cusco,Online,112752.27,1667,1257,25451,27183.9,5.81,88.21,4.23,12,3.76,11297.44,5.29
2024-10-01,T11,Cusco,Online,144689.8,1828,1455,23478,22934.16,10.22,100.73,4.36,13,3.8,16030.57,5.73
2024-11-01,T11,Cusco,Online,104047.66,1687,1277,25056,25094.74,11.93,84.51,4.41,9,2.85,9246.48,4.96
2024-12-01,T11,Cusco,Online,118342.52,1671,1261,28479,30360.46,10.14,93.93,4.35,16,4.33,9282.53,4.83
2025-01-01,T11,Cusco,Online,140118.03,1893,1534,22609,22673.24,11.95,87.5,4.57,9,3.51,15179.58,6.4
2025-02-01,T11,Cusco,Online,123057.82,1702,1424,25642,23411.18,11.1,83.03,4.2,13,4.23,9241.85,5.65
2025-03-01,T11,Cusco,Online,135204.65,1861,1506,26859,27513.13,10.16,83.26,4.18,16,4.11,12288.22,5.62
2025-04-01,T11,Cusco,Online,138007.88,1674,1250,26427,25255.87,14.52,83.46,4.19,15,4.39,15945.56,4.61
2025-05-01,T11,Cusco,Online,144228.61,1889,1485,28772,28110.93,6.45,93.23,4.31,11,3.93,12621.83,5.96
2025-06-01,T11,Cusco,Online,102276.88,1466,1113,24993,25169.57,10.89,83.72,4.3,11,4.1,9496.57,4.18
2025-07-01,T11,Cusco,Online,153243.04,1863,1516,24766,22953.08,7.07,96.04,4.45,11,3.82,17414.93,5.83
2025-08-01,T11,Cusco,Online,92591.45,1377,1124,21723,18741.57,6.97,88.56,4.4,7,3.05,7285.39,5.2
2025-09-01,T11,Cusco,Online,119037.44,1417,1189,19811,18850.61,7.83,87.29,4.55,7,3.69,16790.97,6.13
2025-10-01,T11,Cusco,Online,110454.24,1512,1215,23618,21199.5,8.83,93.76,4.43,12,3.5,13672.08,4.75
2025-11-01,T11,Cusco,Online,142530.97,1846,1524,27408,26494.95,3.84,92.67,3.96,19,3.85,14916.35,5.74
2025-12-01,T11,Cusco,Online,144273.93,1708,1447,22911,23345.8,13.53,91.22,4.03,21,4.28,11521.1,6.65
2024-01-01,T12,Lima,Mixto,208796.11,2625,2091,17905,17955.38,5.22,97.52,4.48,10,2.89,20366.28,11.26
2024-02-01,T12,Lima,Mixto,188963.44,2720,2171,21051,24809.81,8.06,89.83,4.21,15,3.6,24811.02,10.17
2024-03-01,T12,Lima,Mixto,176057.37,2440,1925,20638,23739.74,8.09,91.27,5.0,0,2.25,13233.11,9.62
2024-04-01,T12,Lima,Mixto,185686.58,2693,2101,17972,16000.56,12.65,82.51,4.45,6,3.12,22341.83,11.57
2024-05-01,T12,Lima,Mixto,203984.35,2775,2210,17732,19184.07,10.74,91.1,4.49,7,3.0,20691.79,12.63
2024-06-01,T12,Lima,Mixto,199941.37,2951,2395,27030,28315.96,10.97,83.12,4.71,4,2.98,22051.64,8.81
2024-07-01,T12,Lima,Mixto,190570.89,2990,2419,20360,22781.03,14.17,78.45,5.0,3,2.33,21276.19,12.15
2024-08-01,T12,Lima,Mixto,162263.44,2580,2042,18346,20558.3,8.9,79.58,4.78,4,2.56,15152.7,11.06
2024-09-01,T12,Lima,Mixto,136023.79,2241,1665,18506,20454.29,11.19,80.96,4.9,5,3.12,14735.87,9.16
2024-10-01,T12,Lima,Mixto,171411.92,2333,1870,16748,15681.04,1.43,92.56,4.82,2,2.26,17360.83,11.15
2024-11-01,T12,Lima,Mixto,172395.49,2347,1794,13921,11663.23,8.21,94.07,5.0,2,1.99,11335.63,12.44
2024-12-01,T12,Lima,Mixto,211285.24,2934,2278,20338,21504.48,11.22,89.86,4.59,10,2.55,18202.35,11.18
2025-01-01,T12,Lima,Mixto,175019.96,2624,2040,18407,22047.6,4.17,88.77,4.62,7,2.42,19307.04,10.81
2025-02-01,T12,Lima,Mixto,141560.25,2457,1909,19585,20885.47,11.95,78.18,4.41,11,3.15,20481.58,9.9
2025-03-01,T12,Lima,Mixto,179803.1,2510,1851,20237,22346.19,9.18,90.57,4.58,6,2.5,21983.5,9.15
2025-04-01,T12,Lima,Mixto,246302.61,3031,2331,23101,22383.33,10.47,100.82,4.72,2,2.91,28823.22,9.99
2025-05-01,T12,Lima,Mixto,213490.31,2652,2129,19791,22818.18,14.39,98.41,4.65,6,2.76,19560.13,11.09
2025-06-01,T12,Lima,Mixto,226375.4,2671,2174,18576,20665.66,10.97,99.63,4.42,12,2.68,19019.97,11.77
2025-07-01,T12,Lima,Mixto,232082.35,2759,2229,18408,19320.61,8.13,94.28,4.76,6,1.92,15405.29,12.54
2025-08-01,T12,Lima,Mixto,135638.01,2281,1782,21321,22646.28,10.71,75.07,4.35,13,3.0,14073.44,8.21
2025-09-01,T12,Lima,Mixto,192027.58,2562,2109,20621,21738.62,9.74,90.29,4.64,4,3.29,15915.75,10.14
2025-10-01,T12,Lima,Mixto,191962.34,2576,2033,19297,19388.25,10.67,86.88,4.45,10,3.29,15086.09,10.58
2025-11-01,T12,Lima,Mixto,189091.87,2413,1935,21753,24166.67,5.1,90.68,5.0,4,2.13,17230.51,9.03
2025-12-01,T12,Lima,Mixto,221573.84,2954,2376,20031,23180.62,7.56,85.8,4.65,6,2.72,16942.4,11.4
2024-01-01,T13,Lima,Mixto,159945.88,2053,1610,20721,21448.08,5.26,98.92,4.74,7,2.89,13281.67,7.82
2024-02-01,T13,Lima,Mixto,138889.56,1902,1529,20699,24023.76,11.94,85.08,5.0,2,2.34,9759.47,7.69
2024-03-01,T13,Lima,Mixto,160164.97,2065,1615,17218,18242.42,6.69,96.64,4.75,2,2.93,15575.5,9.79
2024-04-01,T13,Lima,Mixto,152651.86,2166,1634,24839,29352.8,11.2,91.11,4.69,5,3.17,8996.68,6.68
2024-05-01,T13,Lima,Mixto,162970.93,2070,1548,21826,24290.91,8.83,90.92,4.31,10,3.83,17676.61,6.85
2024-06-01,T13,Lima,Mixto,128894.51,1888,1579,20979,21146.93,15.98,82.47,4.56,3,2.95,18254.71,7.82
2024-07-01,T13,Lima,Mixto,140829.89,1837,1546,25520,31288.54,16.11,88.35,4.23,14,3.14,11881.47,5.88
2024-08-01,T13,Lima,Mixto,109807.73,1438,1192,19048,19233.63,8.26,93.95,4.94,1,2.31,14953.51,6.24
2024-09-01,T13,Lima,Mixto,113783.59,1736,1311,23609,26389.21,12.33,84.4,4.74,5,3.05,7551.07,5.48
2024-10-01,T13,Lima,Mixto,102903.3,1718,1270,19279,23902.71,7.19,88.76,4.36,14,3.62,10054.99,7.0
2024-11-01,T13,Lima,Mixto,153554.56,1881,1502,19369,20083.74,9.97,88.41,4.7,4,3.1,15692.29,7.76
2024-12-01,T13,Lima,Mixto,135885.7,2008,1607,22010,25929.72,8.92,81.35,5.0,3,1.83,15171.11,7.47
2025-01-01,T13,Lima,Mixto,123881.46,1556,1358,14606,15622.72,9.22,85.58,4.46,9,3.04,11401.89,8.98
2025-02-01,T13,Lima,Mixto,102508.75,1740,1402,23376,23754.23,8.76,78.58,4.59,10,3.44,8527.2,5.79
2025-03-01,T13,Lima,Mixto,130815.8,1816,1355,20357,23165.46,6.81,95.41,4.76,4,2.21,15188.53,6.61
2025-04-01,T13,Lima,Mixto,168872.1,2066,1676,20293,23097.29,6.59,96.21,4.55,8,2.74,17828.08,8.27
2025-05-01,T13,Lima,Mixto,164006.31,2143,1752,22115,25924.06,10.77,90.07,4.48,7,3.46,19293.0,8.78
2025-06-01,T13,Lima,Mixto,115385.24,1912,1482,19038,21698.01,7.67,80.17,4.27,9,3.55,14725.66,8.62
2025-07-01,T13,Lima,Mixto,133135.13,1706,1407,19159,22378.19,10.23,87.35,4.4,10,3.41,12292.41,7.28
2025-08-01,T13,Lima,Mixto,125665.23,1750,1266,15902,16646.71,10.65,88.66,4.63,8,3.12,14741.96,8.24
2025-09-01,T13,Lima,Mixto,112192.48,1623,1194,20245,22319.81,6.38,87.41,4.83,4,3.0,5297.37,6.01
2025-10-01,T13,Lima,Mixto,123349.11,1439,1225,16250,13698.55,9.12,101.95,4.91,2,2.03,17740.79,7.42
2025-11-01,T13,Lima,Mixto,99612.34,1466,1147,18063,22229.5,8.86,89.88,5.0,2,2.12,11290.71,6.65
2025-12-01,T13,Lima,Mixto,127003.42,1850,1472,16026,16241.44,11.15,85.81,4.69,8,2.92,10621.39,9.17
2024-01-01,T14,Trujillo,Mixto,120306.1,1724,1342,32127,40566.7,8.41,87.04,4.23,16,3.98,14022.64,4.25
2024-02-01,T14,Trujillo,Mixto,119893.49,1377,1227,29530,38378.28,9.79,94.39,4.94,3,2.87,11921.19,3.74
2024-03-01,T14,Trujillo,Mixto,129008.41,1654,1427,32842,43161.0,16.67,91.39,4.97,4,2.02,10223.43,3.94
2024-04-01,T14,Trujillo,Mixto,107165.62,1635,1170,31416,42863.22,10.11,81.29,4.41,7,3.31,17377.89,3.21
2024-05-01,T14,Trujillo,Mixto,118629.51,1640,1404,31074,39946.2,6.13,88.3,4.38,8,3.61,14248.52,4.18
2024-06-01,T14,Trujillo,Mixto,96587.37,1373,1104,32084,43001.57,12.46,81.81,4.27,11,4.07,9689.43,3.36
2024-07-01,T14,Trujillo,Mixto,106194.32,1397,1012,28910,40855.65,7.52,83.89,4.84,3,2.72,12312.56,3.69
2024-08-01,T14,Trujillo,Mixto,68591.83,1202,935,29105,40101.08,6.07,82.17,3.67,34,4.65,17439.12,3.07
2024-09-01,T14,Trujillo,Mixto,71001.07,977,756,25498,32292.28,10.11,91.57,4.68,3,2.94,10485.58,2.97
2024-10-01,T14,Trujillo,Mixto,112218.49,1482,1079,28582,38824.74,11.11,90.1,4.44,9,2.88,12560.61,4.13
2024-11-01,T14,Trujillo,Mixto,117992.36,1380,1187,29602,38020.76,10.97,95.31,4.39,12,3.13,5603.83,3.99
2024-12-01,T14,Trujillo,Mixto,136506.53,1566,1392,33834,45049.1,6.39,87.31,4.59,6,3.08,11229.97,4.51
2025-01-01,T14,Trujillo,Mixto,105456.43,1604,1238,33188,44268.81,6.08,87.9,4.47,5,2.86,11973.62,3.8
2025-02-01,T14,Trujillo,Mixto,114499.76,1512,1214,35668,47421.54,11.17,90.94,4.7,5,3.16,7414.07,3.16
2025-03-01,T14,Trujillo,Mixto,104497.49,1424,1153,32824,41451.95,6.1,90.87,4.74,6,2.8,8709.35,3.82
2025-04-01,T14,Trujillo,Mixto,108157.69,1527,1125,32990,43191.69,15.27,93.34,4.36,10,3.79,13653.55,3.16
2025-05-01,T14,Trujillo,Mixto,148249.73,1704,1363,35946,47174.49,8.68,97.65,4.17,15,4.25,15909.16,3.85
2025-06-01,T14,Trujillo,Mixto,93352.54,1366,979,31767,43136.8,10.78,87.72,4.57,4,2.77,8447.62,3.26
2025-07-01,T14,Trujillo,Mixto,111157.89,1513,1206,36104,45082.25,11.51,87.94,4.36,10,3.29,6926.34,3.05
2025-08-01,T14,Trujillo,Mixto,98239.17,1380,1053,28989,37503.13,8.72,92.93,4.66,7,3.33,12156.72,3.89
2025-09-01,T14,Trujillo,Mixto,113549.62,1466,1152,30241,38800.7,7.24,90.59,4.14,14,3.88,12288.76,3.78
2025-10-01,T14,Trujillo,Mixto,70653.89,1232,963,23623,28893.1,6.69,73.47,3.96,20,4.08,7021.18,4.41
2025-11-01,T14,Trujillo,Mixto,109146.77,1394,1078,31293,39271.61,4.19,89.76,4.34,15,3.29,12012.33,3.21
2025-12-01,T14,Trujillo,Mixto,120747.54,1722,1245,32226,41385.51,11.38,91.07,4.41,9,3.75,19593.57,3.76
2024-01-01,T15,Trujillo,Tienda,151045.98,2010,1671,30390,42449.41,10.56,85.15,4.6,5,3.32,13453.33,5.84
2024-02-01,T15,Trujillo,Tienda,172460.76,2391,1841,30024,45084.25,10.0,92.05,4.14,18,3.7,16678.15,6.07
2024-03-01,T15,Trujillo,Tienda,208213.21,2673,2062,28138,40301.06,7.29,98.39,4.3,10,3.26,21764.3,7.28
2024-04-01,T15,Trujillo,Tienda,174483.66,2736,2137,38351,55016.65,14.58,86.69,4.9,2,2.29,22166.8,5.68
2024-05-01,T15,Trujillo,Tienda,142753.28,2422,1877,28349,40743.9,10.28,80.52,4.43,11,4.04,10560.25,6.55
2024-06-01,T15,Trujillo,Tienda,153717.29,2305,1754,29219,42938.63,10.7,89.36,4.6,5,3.58,14192.69,6.13
2024-07-01,T15,Trujillo,Tienda,147092.19,2232,1712,31304,44241.56,18.6,81.59,4.2,15,3.34,13957.85,5.25
2024-08-01,T15,Trujillo,Tienda,177834.06,2449,1988,31061,44758.01,6.64,94.9,4.96,0,2.75,18767.99,6.16
2024-09-01,T15,Trujillo,Tienda,174950.21,2162,1846,22725,30140.42,11.49,94.9,4.55,7,3.16,18692.76,8.29
2024-10-01,T15,Trujillo,Tienda,184315.96,2091,1742,25874,35544.46,7.92,101.16,4.74,12,3.56,14552.3,6.52
2024-11-01,T15,Trujillo,Tienda,171272.91,2218,1879,25461,37845.91,10.97,82.71,4.54,11,3.8,19791.73,7.44
2024-12-01,T15,Trujillo,Tienda,196334.02,2649,2134,31275,45886.26,9.89,90.26,4.46,9,2.83,21122.89,6.64
2025-01-01,T15,Trujillo,Tienda,157296.58,2355,1832,30876,44657.11,11.75,78.24,4.72,7,2.29,14237.55,6.02
2025-02-01,T15,Trujillo,Tienda,191412.98,2431,1977,30297,45546.43,9.96,95.72,4.44,6,3.04,15260.09,6.64
2025-03-01,T15,Trujillo,Tienda,189643.57,2670,2084,34151,49329.42,6.32,99.91,4.47,10,3.17,17345.78,5.98
2025-04-01,T15,Trujillo,Tienda,185515.42,2530,1954,33244,49379.11,4.59,86.88,4.32,12,3.53,20391.76,5.8
2025-05-01,T15,Trujillo,Tienda,198956.65,2782,2186,28008,41317.85,7.33,89.42,4.12,17,3.9,27568.67,7.9
2025-06-01,T15,Trujillo,Tienda,177987.83,2438,1929,24075,34355.58,8.85,93.24,4.44,7,3.44,28663.3,7.8
2025-07-01,T15,Trujillo,Tienda,155285.28,2315,1836,28722,43484.82,13.32,91.28,4.8,8,3.06,11638.07,6.85
2025-08-01,T15,Trujillo,Tienda,154796.45,2350,1801,28424,41237.59,8.3,78.36,4.6,6,3.04,14059.47,6.17
2025-09-01,T15,Trujillo,Tienda,123442.98,2022,1451,26359,37652.83,5.79,91.87,4.35,9,3.59,10633.73,5.76
2025-10-01,T15,Trujillo,Tienda,145624.02,2035,1734,24545,34809.94,7.33,77.16,4.35,12,3.49,14570.95,7.02
2025-11-01,T15,Trujillo,Tienda,127426.37,1935,1490,25538,38861.42,2.83,84.14,4.3,12,4.27,9397.63,6.42
2025-12-01,T15,Trujillo,Tienda,180681.48,2735,2115,32164,46162.84,13.71,76.7,4.52,8,3.09,22599.1,6.25
2024-01-01,T16,Cusco,Mixto,147939.95,2055,1640,19013,20694.87,5.45,90.69,4.2,13,3.54,20856.15,8.6
2024-02-01,T16,Cusco,Mixto,176403.93,2332,1858,24060,28895.59,8.62,96.23,4.95,4,2.87,14562.15,8.1
2024-03-01,T16,Cusco,Mixto,182321.08,2519,2079,23962,26693.57,7.05,82.49,3.86,24,4.22,14074.67,8.62
2024-04-01,T16,Cusco,Mixto,166595.78,2429,1811,19922,21232.74,11.37,85.94,4.61,5,4.01,14029.69,9.19
2024-05-01,T16,Cusco,Mixto,181995.92,2380,1814,17965,18790.66,9.05,98.53,4.62,5,3.21,17439.88,9.69
2024-06-01,T16,Cusco,Mixto,194924.59,2473,2114,21821,26131.09,9.59,90.56,4.25,15,3.65,17575.41,9.99
2024-07-01,T16,Cusco,Mixto,204339.87,2455,1919,25567,27264.11,9.9,99.93,4.54,6,3.35,22195.06,7.58
2024-08-01,T16,Cusco,Mixto,158039.44,2243,1797,19293,20813.35,9.64,89.21,4.4,14,3.78,12813.25,9.44
2024-09-01,T16,Cusco,Mixto,143020.65,2317,1772,18217,20576.17,5.16,89.81,4.57,8,3.27,13081.07,9.28
2024-10-01,T16,Cusco,Mixto,138728.62,1872,1530,20710,24758.05,6.18,84.66,4.12,17,4.68,14701.4,7.77
2024-11-01,T16,Cusco,Mixto,150892.46,2053,1684,18832,19205.13,4.13,85.9,4.28,12,3.71,16069.89,9.25
2024-12-01,T16,Cusco,Mixto,180336.76,2479,1971,19752,22923.94,12.81,96.55,4.19,16,4.59,20264.88,9.7
2025-01-01,T16,Cusco,Mixto,162013.4,2102,1706,22448,24611.29,6.29,92.5,3.88,18,3.95,21300.98,7.64
2025-02-01,T16,Cusco,Mixto,179176.85,2495,1927,19330,22210.41,13.55,89.03,4.59,10,4.0,14124.73,10.16
2025-03-01,T16,Cusco,Mixto,182482.79,2479,1943,21221,23348.03,9.5,89.87,3.67,30,3.86,24489.99,9.25
2025-04-01,T16,Cusco,Mixto,195732.25,2655,2121,22396,27414.45,11.13,86.97,4.72,5,2.46,23599.48,9.38
2025-05-01,T16,Cusco,Mixto,187591.87,2545,2108,21417,27193.43,13.33,88.4,4.57,9,3.55,22052.45,9.74
2025-06-01,T16,Cusco,Mixto,192577.32,2559,2145,23061,25888.43,10.56,87.06,4.29,10,3.82,24166.22,8.96
2025-07-01,T16,Cusco,Mixto,132171.79,2440,2057,20787,24158.16,16.64,66.81,4.34,17,3.43,16023.76,9.56
2025-08-01,T16,Cusco,Mixto,139480.93,2155,1757,21832,22332.41,11.2,82.44,4.12,13,4.01,9483.56,7.78
2025-09-01,T16,Cusco,Mixto,152501.34,2072,1559,14034,17832.01,7.3,99.72,4.43,11,3.23,15594.19,11.1
2025-10-01,T16,Cusco,Mixto,135154.88,1997,1528,17808,18610.88,11.78,88.98,4.17,15,3.67,14072.6,8.32
2025-11-01,T16,Cusco,Mixto,170103.5,1972,1497,18001,21826.52,7.05,106.16,4.49,11,3.6,20254.33,8.87
2025-12-01,T16,Cusco,Mixto,155242.17,2143,1664,21708,24204.96,15.7,86.62,4.33,10,3.88,12467.92,8.15
2024-01-01,T17,Trujillo,Tienda,148313.79,2161,1667,15218,21319.88,4.8,91.02,4.39,12,2.91,16120.05,11.03
2024-02-01,T17,Trujillo,Tienda,174747.59,2322,1858,15608,19668.86,9.02,95.37,4.73,2,3.25,18615.56,12.12
2024-03-01,T17,Trujillo,Tienda,186399.52,2528,1975,17239,24656.51,7.43,97.32,4.47,8,3.6,24665.51,11.72
2024-04-01,T17,Trujillo,Tienda,196272.13,2508,1992,13617,21951.07,8.0,92.58,4.68,5,2.8,15643.56,14.72
2024-05-01,T17,Trujillo,Tienda,173778.76,2413,1887,18463,21770.2,8.99,86.57,4.89,5,2.07,16713.51,10.14
2024-06-01,T17,Trujillo,Tienda,145479.66,2345,1847,15962,21688.59,5.56,86.18,4.59,9,3.44,16032.61,11.72
2024-07-01,T17,Trujillo,Tienda,208968.12,2654,2057,14188,18102.37,10.47,88.23,4.12,17,3.77,26691.34,14.86
2024-08-01,T17,Trujillo,Tienda,158976.11,2002,1651,14200,21124.78,1.58,91.66,4.2,14,4.18,19318.66,11.37
2024-09-01,T17,Trujillo,Tienda,126583.81,2004,1585,11552,14999.46,9.88,87.77,4.07,15,3.98,13819.24,14.32
2024-10-01,T17,Trujillo,Tienda,123886.56,1786,1209,16134,20750.96,6.53,94.5,4.74,5,3.25,11606.74,7.5
2024-11-01,T17,Trujillo,Tienda,153419.48,2072,1700,15127,20915.17,7.31,89.47,5.0,4,2.57,13995.99,11.23
2024-12-01,T17,Trujillo,Tienda,161590.23,2569,1876,19283,23599.37,8.14,88.05,4.64,9,3.22,14424.17,9.96
2025-01-01,T17,Trujillo,Tienda,142781.97,2163,1693,15660,18915.65,3.55,87.5,4.63,2,2.26,11637.21,10.2
2025-02-01,T17,Trujillo,Tienda,193133.58,2512,2010,14590,18789.29,5.81,91.27,4.4,11,2.75,21238.25,13.56
2025-03-01,T17,Trujillo,Tienda,146792.03,2399,1882,18951,22893.95,12.39,79.8,4.82,3,2.33,13828.31,9.45
2025-04-01,T17,Trujillo,Tienda,216552.5,2596,2084,17409,25001.62,8.07,102.46,4.3,9,3.35,22129.45,11.56
2025-05-01,T17,Trujillo,Tienda,159319.94,2252,1750,15379,18978.56,5.92,88.52,4.48,8,3.62,15535.38,11.51
2025-06-01,T17,Trujillo,Tienda,164342.38,2387,1989,15521,20930.78,4.89,85.41,4.36,10,3.95,16843.98,13.0
2025-07-01,T17,Trujillo,Tienda,209019.13,2518,1960,17223,26693.27,12.51,99.82,4.49,10,3.34,17447.75,11.23
2025-08-01,T17,Trujillo,Tienda,133276.26,2020,1628,15142,19643.65,9.29,80.98,4.96,4,2.7,17020.49,10.65
2025-09-01,T17,Trujillo,Tienda,166501.58,2111,1582,14752,21828.01,9.9,98.04,4.5,10,3.92,14146.0,11.25
2025-10-01,T17,Trujillo,Tienda,143290.5,1986,1525,15633,20613.46,6.33,95.73,4.99,3,2.38,11675.51,9.71
2025-11-01,T17,Trujillo,Tienda,155214.64,2325,1860,18311,25224.62,6.68,91.04,4.55,10,3.76,23455.49,10.18
2025-12-01,T17,Trujillo,Tienda,168802.6,2568,1970,12601,16926.58,10.63,84.32,4.42,9,3.64,13496.67,15.53
2024-01-01,T18,Lima,Mixto,202902.44,2714,2052,29643,36031.7,7.26,93.8,5.0,4,1.2,16487.8,7.1
2024-02-01,T18,Lima,Mixto,203134.94,2616,2190,27984,37318.87,9.77,87.05,4.71,2,2.93,19810.18,7.66
2024-03-01,T18,Lima,Mixto,223088.03,3009,2447,28258,35803.97,6.5,90.19,4.57,6,3.13,23455.24,8.73
2024-04-01,T18,Lima,Mixto,203700.66,2704,2164,26173,33349.42,5.44,84.99,4.82,5,2.87,18585.39,7.99
2024-05-01,T18,Lima,Mixto,181068.39,2771,2247,28084,36337.92,6.08,88.85,4.42,9,3.3,17681.6,8.25
2024-06-01,T18,Lima,Mixto,235300.47,2980,2408,26653,30656.07,4.88,98.61,4.94,0,2.67,18845.15,9.04
2024-07-01,T18,Lima,Mixto,215292.26,2978,2235,26030,35102.84,9.06,90.11,4.62,8,3.45,21967.97,8.92
2024-08-01,T18,Lima,Mixto,183767.54,2575,2033,25133,30859.47,9.1,84.62,4.82,2,2.49,17266.63,8.0
2024-09-01,T18,Lima,Mixto,182132.49,2187,1786,25979,33064.61,8.86,100.77,4.37,13,3.37,18551.17,7.0
2024-10-01,T18,Lima,Mixto,207910.94,2586,1999,24930,31674.37,8.38,95.9,4.88,1,2.35,17552.43,7.59
2024-11-01,T18,Lima,Mixto,230560.68,2604,2089,28759,38415.87,8.29,97.95,4.83,2,2.7,18792.77,7.0
2024-12-01,T18,Lima,Mixto,241792.72,3293,2592,34194,44627.69,10.94,88.78,5.0,3,2.25,22289.5,7.58
2025-01-01,T18,Lima,Mixto,209432.31,3002,2410,30448,37490.14,10.83,89.94,4.62,5,2.59,20112.82,7.76
2025-02-01,T18,Lima,Mixto,213437.56,2986,2448,32348,41433.8,9.03,89.83,4.52,6,2.74,19724.75,7.69
2025-03-01,T18,Lima,Mixto,190693.52,2894,2317,30644,39447.65,12.02,79.49,5.0,5,1.2,15220.27,7.56
2025-04-01,T18,Lima,Mixto,231365.1,3205,2527,27754,34266.65,6.55,87.83,4.57,6,3.44,15479.43,9.09
2025-05-01,T18,Lima,Mixto,270480.99,3161,2509,26149,33234.65,5.92,97.92,4.49,9,2.32,25410.59,9.47
2025-06-01,T18,Lima,Mixto,215520.33,3145,2472,29411,33631.46,7.14,85.33,4.08,17,3.47,31963.53,8.08
2025-07-01,T18,Lima,Mixto,228320.38,3048,2408,30378,38473.3,13.43,90.42,4.96,6,2.13,25103.43,7.95
2025-08-01,T18,Lima,Mixto,162208.33,2466,1934,24750,29448.12,5.67,82.67,4.64,2,2.44,12559.06,7.7
2025-09-01,T18,Lima,Mixto,193643.82,2508,2029,22842,27643.74,7.0,88.09,4.92,5,2.46,21009.15,9.16
2025-10-01,T18,Lima,Mixto,194576.01,2597,2077,22866,25123.21,8.23,93.05,4.65,8,2.91,13707.01,8.92
2025-11-01,T18,Lima,Mixto,182849.96,2465,1932,29203,38462.11,8.48,95.18,4.51,9,2.88,21065.13,6.93
2025-12-01,T18,Lima,Mixto,298523.33,3576,2893,31659,39937.58,15.99,96.61,4.89,5,2.22,23803.23,9.28
2024-01-01,T19,Trujillo,Mixto,113033.23,1671,1336,21897,24794.51,10.49,82.38,4.41,7,3.8,5439.31,6.32
2024-02-01,T19,Trujillo,Mixto,163633.9,2137,1761,22755,27795.35,3.83,93.02,4.24,12,3.62,23815.55,7.28
2024-03-01,T19,Trujillo,Mixto,174846.98,1965,1611,26528,32483.48,6.86,95.68,4.23,14,3.51,14700.44,6.17
2024-04-01,T19,Trujillo,Mixto,154970.14,2220,1849,29861,39411.61,10.11,84.84,4.63,9,3.28,20083.85,6.65
2024-05-01,T19,Trujillo,Mixto,162604.98,2179,1702,30464,37030.87,6.11,93.28,4.15,15,3.69,20603.63,5.81
2024-06-01,T19,Trujillo,Mixto,151156.2,1784,1425,28096,34460.94,6.65,92.21,4.68,9,2.46,12230.28,5.23
2024-07-01,T19,Trujillo,Mixto,175892.31,2165,1736,26824,32856.51,9.03,93.91,4.36,12,4.23,22327.19,6.53
2024-08-01,T19,Trujillo,Mixto,123845.79,1862,1340,23320,27970.15,13.02,89.51,4.4,8,2.93,13942.19,6.04
2024-09-01,T19,Trujillo,Mixto,128551.76,1739,1431,18736,23629.41,8.63,86.64,4.42,13,3.27,12396.93,7.72
2024-10-01,T19,Trujillo,Mixto,128861.57,1722,1478,26031,32273.49,9.86,87.8,4.27,14,4.28,17306.33,5.67
2024-11-01,T19,Trujillo,Mixto,154009.34,1719,1422,22904,25262.51,10.06,98.13,4.5,5,2.93,14696.42,5.93
2024-12-01,T19,Trujillo,Mixto,178352.35,2418,1817,24230,31650.67,13.74,89.91,4.73,2,2.84,21917.47,7.41
2025-01-01,T19,Trujillo,Mixto,121557.91,1759,1390,25551,31107.78,9.09,80.88,3.94,23,3.94,17806.71,5.28
2025-02-01,T19,Trujillo,Mixto,156805.42,2265,1682,27359,33172.47,5.61,96.71,4.24,13,3.83,16268.36,6.36
2025-03-01,T19,Trujillo,Mixto,138387.48,1979,1570,25237,29253.07,9.88,79.43,3.72,27,4.56,12828.46,6.04
2025-04-01,T19,Trujillo,Mixto,170382.31,2173,1748,25614,31399.86,8.85,98.45,4.92,0,2.57,16756.45,7.21
2025-05-01,T19,Trujillo,Mixto,139532.29,2077,1584,27580,31773.31,10.6,77.71,4.57,8,2.73,17345.45,5.91
2025-06-01,T19,Trujillo,Mixto,143323.97,1866,1465,23492,29689.75,13.14,89.26,4.56,7,3.57,13365.62,6.38
2025-07-01,T19,Trujillo,Mixto,149733.78,2117,1603,23749,29831.65,9.24,93.72,4.54,8,3.65,20625.03,6.99
2025-08-01,T19,Trujillo,Mixto,153752.14,2149,1652,23682,29875.44,2.41,93.45,4.6,8,2.9,16812.86,6.8
2025-09-01,T19,Trujillo,Mixto,129518.08,1894,1446,23037,28163.58,6.92,92.57,4.74,3,2.08,8613.6,6.33
2025-10-01,T19,Trujillo,Mixto,147373.76,1815,1434,21400,27252.59,7.87,91.12,4.54,9,2.96,11582.74,6.91
2025-11-01,T19,Trujillo,Mixto,126527.18,1666,1371,23401,28324.67,9.61,89.44,4.88,2,2.52,15037.62,5.85
2025-12-01,T19,Trujillo,Mixto,165500.27,2244,1698,25763,33039.35,8.61,92.77,5.0,4,2.08,11931.68,6.57
2024-01-01,T20,Trujillo,Tienda,129847.85,1700,1407,17591,23779.9,8.56,94.77,4.85,4,2.75,13909.14,8.07
2024-02-01,T20,Trujillo,Tienda,93388.23,1387,1009,17022,20936.66,5.29,85.92,4.07,21,4.67,6961.28,5.89
2024-03-01,T20,Trujillo,Tienda,115818.77,1645,1277,13738,20658.5,8.77,92.66,4.59,6,3.64,16201.17,9.41
2024-04-01,T20,Trujillo,Tienda,107888.88,1769,1329,15524,21847.68,11.19,86.44,4.35,11,3.39,12338.3,8.84
2024-05-01,T20,Trujillo,Tienda,143469.52,1591,1278,15489,21289.57,8.07,101.31,4.7,7,2.91,15980.54,8.22
2024-06-01,T20,Trujillo,Tienda,110710.39,1386,1101,12144,15321.15,7.06,87.29,4.58,9,3.56,10731.18,9.04
2024-07-01,T20,Trujillo,Tienda,120734.06,1502,1217,17126,19581.12,7.28,88.35,4.59,8,3.4,5000.0,7.31
2024-08-01,T20,Trujillo,Tienda,103818.03,1081,953,14216,23651.38,2.42,96.18,4.3,13,3.82,13680.06,6.58
2024-09-01,T20,Trujillo,Tienda,96335.76,1313,1151,10270,10882.03,6.63,82.23,4.61,6,2.21,5000.0,11.44
2024-10-01,T20,Trujillo,Tienda,88856.86,1187,927,11886,18515.03,9.47,91.91,4.57,7,3.12,10869.15,8.1
2024-11-01,T20,Trujillo,Tienda,89229.14,1313,1025,11998,16532.89,10.08,88.22,4.28,12,3.59,8404.75,8.05
2024-12-01,T20,Trujillo,Tienda,94875.04,1616,1332,15629,22056.81,9.55,81.45,4.02,22,4.34,15942.97,8.7
2025-01-01,T20,Trujillo,Tienda,107070.03,1632,1266,11872,15567.52,15.16,86.19,4.33,11,4.09,5626.11,10.58
2025-02-01,T20,Trujillo,Tienda,108191.34,1585,1253,15753,23019.45,10.21,90.46,4.65,8,3.42,5000.0,8.07
2025-03-01,T20,Trujillo,Tienda,106284.77,1365,1063,19921,28256.55,10.32,90.89,4.8,5,3.05,22522.5,5.38
2025-04-01,T20,Trujillo,Tienda,97158.84,1278,974,16491,20903.4,9.09,97.24,4.34,9,2.57,5000.0,6.04
2025-05-01,T20,Trujillo,Tienda,107511.06,1263,1072,16876,22147.6,10.83,91.05,4.38,7,3.92,6775.95,6.13
2025-06-01,T20,Trujillo,Tienda,100516.5,1512,1216,15314,18941.33,9.67,82.47,4.08,18,3.93,5000.0,8.66
2025-07-01,T20,Trujillo,Tienda,107661.96,1429,1254,15549,21722.31,16.63,83.22,4.37,13,3.37,13761.3,8.05
2025-08-01,T20,Trujillo,Tienda,113544.97,1736,1392,15699,21066.5,7.32,90.09,4.72,3,3.39,10443.05,8.85
2025-09-01,T20,Trujillo,Tienda,103261.19,1406,1051,15643,22499.55,9.08,86.73,4.43,8,4.06,13099.28,7.4
2025-10-01,T20,Trujillo,Tienda,79208.9,1140,927,12566,17248.64,12.13,87.35,4.93,2,2.53,8123.97,7.21
2025-11-01,T20,Trujillo,Tienda,112305.09,1520,1231,11462,13603.18,7.84,92.01,4.47,10,3.79,13574.9,10.63
2025-12-01,T20,Trujillo,Tienda,94109.46,1549,1210,10853,16577.79,19.08,80.63,4.58,5,3.58,11347.63,11.21
2024-01-01,T21,Trujillo,Mixto,156178.08,2340,1720,25332,29360.85,5.01,89.6,4.65,6,2.88,17460.77,7.22
2024-02-01,T21,Trujillo,Mixto,196258.33,2680,2211,29131,35899.53,12.0,92.31,4.71,4,3.28,18669.15,7.82
2024-03-01,T21,Trujillo,Mixto,179654.7,2770,2273,29017,34656.25,10.35,83.26,4.04,18,3.96,23183.33,7.97
2024-04-01,T21,Trujillo,Mixto,192778.53,2723,2310,32292,41609.69,12.11,83.45,4.24,15,3.31,23391.27,7.49
2024-05-01,T21,Trujillo,Mixto,186412.05,2580,2035,27867,33565.55,14.53,90.19,4.24,15,4.15,25240.55,7.9
2024-06-01,T21,Trujillo,Mixto,178856.89,2554,2004,30001,37352.9,10.27,88.05,4.23,14,4.22,19103.52,7.19
2024-07-01,T21,Trujillo,Mixto,183874.41,2584,1985,27915,33746.48,12.57,90.79,4.54,10,4.05,20078.58,7.13
2024-08-01,T21,Trujillo,Mixto,152159.85,2345,1833,25057,30799.96,5.63,85.23,4.68,7,4.24,19373.05,7.49
2024-09-01,T21,Trujillo,Mixto,158096.44,2270,1748,24376,29739.94,5.75,83.98,4.18,15,3.29,18340.76,6.62
2024-10-01,T21,Trujillo,Mixto,188621.1,2205,1562,22275,24013.89,6.51,99.74,5.0,0,2.3,20788.02,6.47
2024-11-01,T21,Trujillo,Mixto,134551.07,2168,1721,24183,30555.1,12.48,82.98,4.04,21,3.73,14111.48,7.69
2024-12-01,T21,Trujillo,Mixto,181053.56,2623,2067,31220,40019.75,12.49,85.11,4.26,16,4.14,18791.47,6.5
2025-01-01,T21,Trujillo,Mixto,133250.04,2291,1719,24130,30150.58,10.97,72.01,4.14,16,4.12,12781.94,7.18
2025-02-01,T21,Trujillo,Mixto,185514.76,2178,1780,26217,31968.21,4.88,93.4,4.37,11,3.13,13733.06,6.86
2025-03-01,T21,Trujillo,Mixto,205811.99,2728,2194,24756,34553.86,5.02,90.08,4.18,11,3.6,23149.03,9.09
2025-04-01,T21,Trujillo,Mixto,164888.89,2503,1914,29165,35303.02,8.54,91.45,5.0,3,2.47,18468.85,6.16
2025-05-01,T21,Trujillo,Mixto,206583.59,2629,2035,29662,36320.19,13.53,97.17,5.0,2,2.09,17620.47,6.77
2025-06-01,T21,Trujillo,Mixto,192198.05,2408,1952,30239,35295.03,5.23,95.96,4.24,15,3.27,17389.68,6.7
2025-07-01,T21,Trujillo,Mixto,151802.51,2469,1924,26128,34007.0,13.8,81.36,4.06,18,4.39,20152.89,7.21
2025-08-01,T21,Trujillo,Mixto,144641.96,2268,1824,24919,27573.45,11.01,81.58,4.55,6,3.49,10452.0,7.56
2025-09-01,T21,Trujillo,Mixto,126202.35,2206,1575,26890,30117.6,4.94,89.67,5.0,4,2.81,9188.7,5.53
2025-10-01,T21,Trujillo,Mixto,163623.31,2226,1805,23089,24369.25,5.39,90.95,4.68,6,2.92,20039.39,8.11
2025-11-01,T21,Trujillo,Mixto,166259.07,2308,1821,22293,26492.44,13.88,88.26,4.53,7,2.91,25270.43,8.56
2025-12-01,T21,Trujillo,Mixto,155902.18,2639,2071,27396,33804.01,16.07,77.79,4.73,4,2.91,14251.01,8.16
2024-01-01,T22,Cusco,Mixto,160289.21,2063,1613,27416,34812.47,10.37,97.52,4.77,5,3.0,16822.13,6.15
2024-02-01,T22,Cusco,Mixto,165267.93,2047,1616,22715,28482.66,13.05,97.77,4.71,9,2.65,16315.9,7.4
2024-03-01,T22,Cusco,Mixto,125734.09,1961,1505,24426,32900.31,6.76,81.83,3.91,26,4.51,21349.03,5.66
2024-04-01,T22,Cusco,Mixto,167482.78,1912,1574,27213,33633.47,7.66,100.14,4.45,10,3.45,7809.17,5.77
2024-05-01,T22,Cusco,Mixto,153496.93,2318,1712,31309,41010.52,9.68,86.21,4.9,0,3.14,11900.86,5.48
2024-06-01,T22,Cusco,Mixto,137206.98,1720,1334,29280,35893.51,9.18,100.48,4.66,6,3.0,17142.01,4.16
2024-07-01,T22,Cusco,Mixto,143241.83,1965,1543,27664,33428.73,12.38,94.44,4.04,19,4.1,14678.58,5.56
2024-08-01,T22,Cusco,Mixto,144119.93,1954,1494,22494,24808.55,12.4,92.53,4.31,13,3.46,14035.8,6.64
2024-09-01,T22,Cusco,Mixto,125421.52,1840,1409,24124,26752.56,11.12,87.86,4.38,11,3.63,16592.08,5.64
2024-10-01,T22,Cusco,Mixto,113543.74,1698,1397,23296,28042.34,8.33,86.73,3.9,21,4.79,11238.34,6.34
2024-11-01,T22,Cusco,Mixto,143888.88,1652,1385,25380,28763.75,7.61,99.05,3.87,23,4.49,18158.49,5.76
2024-12-01,T22,Cusco,Mixto,157502.12,2150,1758,25995,33887.27,9.25,84.47,4.08,17,3.81,14189.8,6.78
2025-01-01,T22,Cusco,Mixto,185485.64,1917,1588,23317,27936.72,3.32,96.59,4.42,10,3.69,18489.9,7.03
2025-02-01,T22,Cusco,Mixto,138490.92,2183,1584,30559,38452.41,5.77,91.23,3.89,27,5.21,12247.33,5.21
2025-03-01,T22,Cusco,Mixto,143768.88,1943,1632,25778,31599.35,3.76,84.64,4.19,16,3.49,13073.43,6.8
2025-04-01,T22,Cusco,Mixto,135296.18,2020,1525,27229,32471.7,8.03,94.03,3.52,38,4.95,19423.99,5.63
2025-05-01,T22,Cusco,Mixto,157560.49,2335,1971,28524,36105.09,11.74,78.49,4.23,13,3.51,14524.25,6.99
2025-06-01,T22,Cusco,Mixto,129803.37,2048,1589,32794,41393.79,9.46,88.06,4.54,5,3.93,7616.42,4.96
2025-07-01,T22,Cusco,Mixto,159721.74,2185,1728,24373,29776.36,9.75,83.69,4.61,8,3.34,15554.23,7.28
2025-08-01,T22,Cusco,Mixto,146635.92,1853,1410,26760,30055.23,8.47,95.87,4.74,8,3.48,12343.77,5.59
2025-09-01,T22,Cusco,Mixto,139423.48,1746,1382,27063,34778.36,6.19,86.9,4.72,7,3.61,22135.08,4.97
2025-10-01,T22,Cusco,Mixto,106274.65,1605,1277,22095,28850.4,8.84,86.38,4.23,16,4.18,7971.94,5.94
2025-11-01,T22,Cusco,Mixto,144660.16,2015,1494,27583,35508.0,5.08,93.57,4.2,18,4.03,14552.19,5.77
2025-12-01,T22,Cusco,Mixto,153358.03,1940,1580,26796,31661.23,8.13,89.26,4.51,7,3.27,14894.66,5.56
2024-01-01,T23,Arequipa,Tienda,173240.51,2206,1748,10246,13849.25,6.16,99.12,4.32,15,2.93,17014.05,17.05
2024-02-01,T23,Arequipa,Tienda,132464.4,1681,1341,14093,18771.06,5.83,99.19,4.45,8,3.92,14962.05,9.46
2024-03-01,T23,Arequipa,Tienda,164721.65,2234,1778,17351,22226.15,12.97,90.57,4.5,11,3.7,16727.46,10.26
2024-04-01,T23,Arequipa,Tienda,173679.17,2458,1941,16560,23025.45,9.88,86.86,4.43,10,3.9,15648.79,11.76
2024-05-01,T23,Arequipa,Tienda,140841.59,2085,1706,15169,18152.42,11.12,87.94,4.31,13,3.63,15367.27,12.03
2024-06-01,T23,Arequipa,Tienda,143518.56,2215,1766,16086,21383.47,6.56,90.86,4.43,7,2.55,13578.81,10.91
2024-07-01,T23,Arequipa,Tienda,139546.31,2048,1730,12626,15080.4,11.92,83.75,4.68,7,2.79,12765.02,13.37
2024-08-01,T23,Arequipa,Tienda,140504.31,1881,1358,11817,14989.75,15.24,92.76,4.48,14,3.58,17445.37,11.54
2024-09-01,T23,Arequipa,Tienda,128847.47,1740,1382,12824,17660.91,7.08,92.96,4.36,7,3.32,8493.16,10.43
2024-10-01,T23,Arequipa,Tienda,140971.64,1801,1437,10739,11506.09,10.7,90.28,4.63,9,3.51,16112.21,13.76
2024-11-01,T23,Arequipa,Tienda,92011.57,1675,1303,8019,7038.42,12.95,77.72,3.95,20,3.96,9545.88,15.78
2024-12-01,T23,Arequipa,Tienda,122867.75,2341,1918,14715,20073.73,16.73,67.58,4.57,7,3.08,9105.54,12.96
2025-01-01,T23,Arequipa,Tienda,118765.69,1861,1474,12809,15520.56,8.54,90.1,4.53,8,2.97,10892.44,11.89
2025-02-01,T23,Arequipa,Tienda,157786.37,2256,1716,13845,18611.57,12.51,96.93,4.69,4,2.42,15384.08,12.57
2025-03-01,T23,Arequipa,Tienda,129394.74,1836,1483,7838,11671.67,10.16,88.83,4.7,7,2.85,14356.3,18.72
2025-04-01,T23,Arequipa,Tienda,164746.43,2218,1864,14387,17637.11,7.53,88.1,4.2,12,3.77,21518.75,13.22
2025-05-01,T23,Arequipa,Tienda,163750.01,2220,1768,13507,16324.89,8.84,94.85,4.82,0,2.36,12367.93,13.07
2025-06-01,T23,Arequipa,Tienda,162211.86,2316,1868,13270,16924.63,7.35,91.21,4.8,8,3.08,17822.12,13.86
2025-07-01,T23,Arequipa,Tienda,138330.79,2193,1716,12559,16831.66,11.0,86.69,4.78,5,2.74,13459.58,13.57
2025-08-01,T23,Arequipa,Tienda,144079.69,1984,1613,12921,15763.87,6.08,88.22,4.51,6,2.97,15083.95,12.19
2025-09-01,T23,Arequipa,Tienda,123100.53,1863,1441,7444,9229.77,12.85,86.13,4.89,6,2.5,6241.52,19.95
2025-10-01,T23,Arequipa,Tienda,92799.05,1439,1131,15447,22152.72,11.27,87.61,4.54,7,2.95,11926.28,6.96
2025-11-01,T23,Arequipa,Tienda,129816.91,2039,1569,8226,9276.99,13.96,90.76,4.76,2,2.88,12015.87,19.0
2025-12-01,T23,Arequipa,Tienda,142339.56,2286,1736,11919,12483.88,13.23,77.92,4.14,15,4.1,11466.05,14.47
2024-01-01,T24,Arequipa,Tienda,101136.83,1523,1265,17646,25764.61,13.52,78.21,3.94,20,4.05,10331.82,7.41
2024-02-01,T24,Arequipa,Tienda,136610.0,1892,1469,23471,33417.2,5.79,89.47,4.54,3,2.67,13734.58,6.71
2024-03-01,T24,Arequipa,Tienda,114259.89,1672,1230,23549,33205.47,8.4,103.11,5.0,4,1.83,11026.86,5.12
2024-04-01,T24,Arequipa,Tienda,136033.22,1791,1459,20192,25597.0,6.19,82.43,4.24,12,3.65,19616.45,7.38
2024-05-01,T24,Arequipa,Tienda,126992.45,1688,1377,21507,30671.04,8.6,86.35,4.79,5,2.9,14878.66,6.27
2024-06-01,T24,Arequipa,Tienda,132343.5,1887,1592,18794,24748.56,12.87,85.24,4.59,10,2.89,13476.07,9.0
2024-07-01,T24,Arequipa,Tienda,123218.59,1746,1514,18029,24960.55,15.03,80.43,4.39,7,2.95,18311.68,8.75
2024-08-01,T24,Arequipa,Tienda,91256.34,1333,1153,18025,25791.18,7.19,82.04,4.45,9,2.49,8394.45,6.5
2024-09-01,T24,Arequipa,Tienda,115448.95,1436,1259,16082,22579.98,13.26,82.57,4.18,14,3.31,14517.8,8.03
2024-10-01,T24,Arequipa,Tienda,102392.65,1577,1197,17562,23081.69,7.71,91.8,4.72,6,2.89,11101.23,6.65
2024-11-01,T24,Arequipa,Tienda,114917.44,1467,1119,17637,24718.56,11.97,91.26,5.0,0,2.55,5000.0,6.23
2024-12-01,T24,Arequipa,Tienda,122489.71,1713,1367,19794,26386.74,12.04,91.22,4.89,6,2.47,12146.17,7.44
2025-01-01,T24,Arequipa,Tienda,113869.79,1673,1318,17504,24725.76,1.55,76.06,4.38,13,3.45,18922.64,7.52
2025-02-01,T24,Arequipa,Tienda,100794.64,1562,1234,16640,24481.32,10.34,89.4,4.68,10,4.01,11742.62,7.33
2025-03-01,T24,Arequipa,Tienda,113730.0,1651,1314,20369,31155.11,12.24,85.52,4.32,9,3.7,15113.59,6.19
2025-04-01,T24,Arequipa,Tienda,127771.27,1730,1374,18436,28423.95,7.94,90.21,4.78,5,2.97,9676.44,7.44
2025-05-01,T24,Arequipa,Tienda,104968.88,1598,1238,21432,32796.39,6.62,91.35,4.36,9,3.62,6507.39,5.46
2025-06-01,T24,Arequipa,Tienda,138584.8,1599,1294,22079,32961.23,9.11,88.77,4.21,15,3.52,12508.11,6.07
2025-07-01,T24,Arequipa,Tienda,105076.0,1537,1160,24716,36277.56,8.35,98.95,4.59,6,2.87,14839.61,4.68
2025-08-01,T24,Arequipa,Tienda,90711.7,1274,991,15735,22758.19,11.28,87.8,4.25,15,3.21,8559.49,6.08
2025-09-01,T24,Arequipa,Tienda,113487.25,1403,1102,15938,23141.8,10.01,91.34,4.88,7,1.99,14063.9,7.33
2025-10-01,T24,Arequipa,Tienda,136478.45,1709,1470,20193,26983.18,8.88,87.29,4.38,9,3.49,13707.29,6.57
2025-11-01,T24,Arequipa,Tienda,141028.28,1471,1192,22752,30408.54,5.52,107.71,4.8,5,3.27,19639.42,4.89
2025-12-01,T24,Arequipa,Tienda,146171.97,2000,1459,21683,29874.58,7.57,101.78,4.85,4,3.39,10914.08,6.4
2024-01-01,T25,Piura,Tienda,142929.76,1975,1608,13115,18040.27,9.94,87.65,4.57,8,2.83,18351.85,12.17
2024-02-01,T25,Piura,Tienda,159550.76,2213,1779,10035,14244.94,8.42,85.39,4.46,5,3.01,10636.65,17.63
2024-03-01,T25,Piura,Tienda,167167.8,2089,1611,13161,17637.42,7.15,99.99,4.53,6,3.28,17346.1,12.28
2024-04-01,T25,Piura,Tienda,168804.04,2291,1859,16562,22311.01,9.55,87.21,4.37,11,4.32,23665.66,11.25
2024-05-01,T25,Piura,Tienda,170776.23,2231,1684,13705,16901.45,5.38,94.24,4.81,0,3.05,24263.19,12.16
2024-06-01,T25,Piura,Tienda,186508.78,2326,1884,14155,18037.96,13.93,88.64,4.32,14,4.05,12894.8,14.1
2024-07-01,T25,Piura,Tienda,200467.58,2505,1981,13888,16251.02,11.29,98.33,4.69,8,3.12,12340.62,14.24
2024-08-01,T25,Piura,Tienda,165428.26,2069,1697,12935,17225.32,2.62,98.29,4.65,5,3.53,18182.55,13.49
2024-09-01,T25,Piura,Tienda,154106.17,1958,1603,15002,18623.75,7.22,95.17,4.3,10,3.45,10043.7,10.94
2024-10-01,T25,Piura,Tienda,144670.49,1948,1620,9537,13324.41,10.06,95.97,4.4,11,3.48,18715.78,16.93
2024-11-01,T25,Piura,Tienda,152772.98,2003,1605,12396,14858.66,11.77,93.18,4.11,14,3.81,15633.18,13.0
2024-12-01,T25,Piura,Tienda,153571.35,2315,1737,12765,15263.65,12.98,84.8,4.06,17,3.59,13171.01,13.38
2025-01-01,T25,Piura,Tienda,130722.18,2115,1680,11760,15026.86,16.02,79.91,4.44,16,3.27,15198.85,13.87
2025-02-01,T25,Piura,Tienda,172288.17,2126,1738,15002,20283.05,10.59,95.76,4.83,4,3.26,19600.54,11.95
2025-03-01,T25,Piura,Tienda,195296.61,2588,2100,14539,18630.67,5.5,91.19,4.39,9,3.64,20941.56,14.45
2025-04-01,T25,Piura,Tienda,165638.53,2466,1959,14330,20899.71,8.77,85.87,4.02,23,4.48,22449.56,13.8
2025-05-01,T25,Piura,Tienda,177407.39,2403,1903,13601,17855.51,9.71,89.48,4.26,12,3.69,20663.72,13.72
2025-06-01,T25,Piura,Tienda,135593.82,2138,1619,13425,15754.24,12.52,83.75,4.48,6,2.97,16898.99,12.31
2025-07-01,T25,Piura,Tienda,160865.47,2404,1904,14878,20453.55,14.14,83.33,4.85,4,3.05,12360.22,12.85
2025-08-01,T25,Piura,Tienda,131941.62,1866,1378,10037,14581.97,6.55,95.24,4.48,10,3.3,13211.99,13.5
2025-09-01,T25,Piura,Tienda,108606.9,1759,1425,11302,15663.67,11.98,79.52,4.16,16,4.01,16274.38,13.1
2025-10-01,T25,Piura,Tienda,157287.17,2193,1714,13185,15206.47,2.44,88.36,4.7,3,2.98,17439.25,13.27
2025-11-01,T25,Piura,Tienda,132846.27,1783,1378,10060,13694.27,8.14,100.19,4.46,12,3.44,10378.43,13.72
2025-12-01,T25,Piura,Tienda,202951.57,2613,2037,17421,22712.31,13.72,96.46,4.22,15,3.73,22857.17,11.26
