id_venta,fecha,id_cliente,id_producto,sucursal,cantidad,precio_unitario,metodo_pago
V0001,2024-01-10,C0182,P251,TRUJILLO,5.0,2521.0,EFECTIVO
V0002,no registrada,C0044,P116,LIMA,5.0,1217.0,TRANSFERENCIA
V0003,2024-01-26,C0143,P247,CUSCO,2.0,2514.0,TRANSFERENCIA
V0004,2024-05-26,C0302,P094,CUSCO,8.0,1742.0,TARJETA
V0005,2024-02-27,C0244,P265,TRUJILLO,9.0,1652.0,EFECTIVO
V0006,13/04/2024,C0082,P098,TRUJILLO,9.0,1420.0,tarjeta
V0007,2024-06-06,C0251,P289,LIMA,1.0,2794.0,TRANSFERENCIA
V0008,2024-01-17,C9999,P131,TRUJILLO,6.0,1890.0,TARJETA
V0009,2024-05-15,C0180,P119,AREQUIPA,7.0,2821.0,EFECTIVO
V0010,2024-06-24,C0094,,LIMA,2.0,1226.0,TRANSFERENCIA
V0011,2024-05-10,C0109,P299,CUSCO,8.0,2108.0,TRANSFERENCIA
V0012,2024-06-08,C0290,P224,TRUJILLO,4.0,646.0,EFECTIVO
V0013,2024-06-04,C0205,P292,CUSCO,10.0,1621.0,efectivo
V0014,2024-05-05,C0018,P240,AREQUIPA,1.0,380.0,EFECTIVO
V0015,2024-05-18,C0250,P273, trujillo,1.0,2685.0,EFECTIVO
V0016,2024-01-17,C0057,P082,CUSCO,1.0,2114.0,TARJETA
V0017,2024-02-04,C0032,P083,CUSCO,10.0,390.0,TARJETA
V0018,2024-05-08,C0148,P180,LIMA,8.0,2556.0,EFECTIVO
V0019,2024-03-12,,P282,TRUJILLO,10.0,487.0,TARJETA
V0020,2024-03-11,C0124,P121, cusco,7.0,2428.0,TRANSFERENCIA
V0021,2024-03-25,C0124,P166,LIMA,5.0,2209.0,TARJETA
V0022,2024-04-25,C0115,P187,CUSCO,4.0,1893.0,EFECTIVO
V0023,2024-02-02,C0275,P242,AREQUIPA,6.0,941.0,EFECTIVO
V0024,2024-05-05,C0126,P208,LIMA,4.0,444.0,EFECTIVO
V0025,2024-04-14,C0290,P109,LIMA,1.0,588.0,TARJETA
V0026,2024-06-29,C0097,P156,TRUJILLO,5.0,1671.0,EFECTIVO
V0027,2024-01-28,C0209,P275,TRUJILLO,7.0,320.0,EFECTIVO
V0028,2024-06-30,C0224,P199,LIMA,8.0,,TARJETA
V0029,2024-03-06,C0306,P079,AREQUIPA,4.0,1201.0,EFECTIVO
V0030,2024-02-24,C0306,P269,LIMA,8.0,2397.0,efectivo
V0031,2024-02-16,C0142,P271,CUSCO,2.0,1598.0,TRANSFERENCIA
V0032,2024-02-28,C0214,P098,AREQUIPA,3.0,1585.0,TARJETA
V0033,2024-06-27,C0309,,AREQUIPA,10.0,263.0,EFECTIVO
V0034,2024-05-19,C0054,P002,LIMA,1.0,266.0,EFECTIVO
V0035,2024-05-13,C0014,P290, lima,1.0,597.0,TARJETA
V0036,2024-06-23,C0133,P023,AREQUIPA,10.0,2466.0,EFECTIVO
V0037,2024-01-21,C0142,P241,AREQUIPA,9.0,2992.0,EFECTIVO
V0038,2024-04-24,C0269,P039,TRUJILLO,2.0,2573.0,
V0039,2024-05-10,C0184,P009,LIMA,1.0,746.0,EFECTIVO
V0040,2024-04-24,C0204,P287,AREQUIPA,4.0,1541.0,TARJETA
V0041,2024-06-29,C0055,P002,CUSCO,4.0,154.0,TRANSFERENCIA
V0042,2024-03-18,C0156,P100,LIMA,8.0,2312.0,TARJETA
V0043,2024-01-22,C0168,P058,TRUJILLO,5.0,1279.0,TARJETA
V0044,2024-03-06,C0128,P079, trujillo,2.0,1493.0,TARJETA
V0045,2024-01-24,C0084,P060,TRUJILLO,4.0,1774.0,TARJETA
V0046,2024-05-27,C0274,P152,TRUJILLO,7.0,638.0,EFECTIVO
V0047,2024-01-09,C0085,P260,LIMA,8.0,726.0,EFECTIVO
V0048,2024-04-23,C0053,P114,AREQUIPA,4.0,360.0,TARJETA
V0049,2024-02-08,C0126,P133,AREQUIPA,10.0,1738.0,TRANSFERENCIA
V0050,2024-05-16,C0176,P175,LIMA,5.0,193.0,EFECTIVO
V0051,2024-02-02,C0262,P294,LIMA,6.0,547.0,TARJETA
V0052,2024-01-25,C0192,P243,LIMA,8.0,1256.0,TRANSFERENCIA
V0053,2024-03-26,C0285,P285,AREQUIPA,2.0,,TARJETA
V0054,2024-04-28,,P068,CUSCO,,971.0,EFECTIVO
V0055,2024-04-27,C0220,P195,LIMA,6.0,78.0,TARJETA
V0056,2024-04-05,,P248, trujillo,10.0,1208.0,EFECTIVO
V0057,2024-02-22,C0111,P247,LIMA,8.0,2729.0,TARJETA
V0058,2024-02-09,C0145,P173,TRUJILLO,9.0,2444.0,EFECTIVO
V0059,2024-01-11,C0163,P116,CUSCO,4.0,1207.0,TARJETA
V0060,2024-04-19,C0259,P292,CUSCO,,343.0,efectivo
V0061,2024-01-01,C0295,P131,AREQUIPA,8.0,2467.0,TRANSFERENCIA
V0062,2024-06-30,C0169,P079,LIMA,2.0,369.0,EFECTIVO
V0063,2024-06-22,C0169,P224, lima,4.0,388.0,TRANSFERENCIA
V0064,2024-04-23,C0297,P011,AREQUIPA,10.0,,TRANSFERENCIA
V0065,2024-03-06,C0201,P179,TRUJILLO,4.0,1144.0,EFECTIVO
V0066,2024-03-12,C0022,P090,CUSCO,9.0,2119.0,EFECTIVO
V0067,13/01/2024,C0027,P277, arequipa,4.0,1676.0,TARJETA
V0068,2024-05-30,C0186,P070, arequipa,7.0,2050.0,EFECTIVO
V0069,2024-06-30,C0280,P191,AREQUIPA,1.0,1458.0,TARJETA
V0070,2024-04-13,C0109,P142,CUSCO,9.0,681.0,tarjeta
V0071,2024-03-27,C0320,P071,TRUJILLO,9.0,1591.0,TARJETA
V0072,2024-04-20,C0153,P208,LIMA,4.0,2342.0,EFECTIVO
V0073,2024-05-15,C0311,P068,CUSCO,6.0,2432.0,TARJETA
V0074,20/02/2024,C0006,P213,TRUJILLO,3.0,2790.0,TRANSFERENCIA
V0075,2024-03-18,C0011,P182,AREQUIPA,8.0,847.0,
V0076,2024-02-06,C0208,P002,CUSCO,4.0,351.0,EFECTIVO
V0077,2024-05-14,C0143,P162,LIMA,,,EFECTIVO
V0078,2024-02-26,C0017,P283,CUSCO,1.0,997.0,TRANSFERENCIA
V0079,2024-05-19,C0060,P193,LIMA,1.0,578.0,TRANSFERENCIA
V0080,2024-05-23,C0011,P212,AREQUIPA,6.0,714.0,TRANSFERENCIA
V0081,2024-05-26,C0289,P167,TRUJILLO,2.0,2780.0,EFECTIVO
V0082,2024-03-14,C0260,P193, cusco,7.0,2826.0,TARJETA
V0083,2024-03-03,C0235,P088,AREQUIPA,6.0,2533.0,TARJETA
V0084,2024-02-13,C0125,P151,AREQUIPA,5.0,1537.0,TRANSFERENCIA
V0085,2024-02-20,C0301,P005,AREQUIPA,10.0,2761.0,TRANSFERENCIA
V0086,2024-04-08,C0190,P092,CUSCO,9.0,1755.0,EFECTIVO
V0087,2024-01-16,C0157,P298,AREQUIPA,10.0,1811.0,transferencia
V0088,2024-02-12,C0270,P086,CUSCO,1.0,981.0,EFECTIVO
V0089,2024-05-16,C0006,P142,TRUJILLO,1.0,2833.0,EFECTIVO
V0090,2024-06-08,C0305,P166,TRUJILLO,7.0,602.0,TRANSFERENCIA
V0091,2024-02-14,C0103,P192,AREQUIPA,6.0,1666.0,EFECTIVO
V0092,2024-01-18,C0123,P005,TRUJILLO,8.0,2451.0,EFECTIVO
V0093,2024-04-27,C0179,P101,AREQUIPA,8.0,2925.0,EFECTIVO
V0094,22/01/2024,C0115,P272,AREQUIPA,7.0,1740.0,TARJETA
V0095,2024-02-15,C0230,P138,AREQUIPA,5.0,2892.0,TARJETA
V0096,2024-05-12,C0146,P236,CUSCO,9.0,2452.0,TARJETA
V0097,2024-01-30,C0075,P019,TRUJILLO,,1342.0,EFECTIVO
V0098,2024-05-30,C0219,P027,LIMA,6.0,2487.0,EFECTIVO
V0099,2024-05-06,C0205,P080,LIMA,10.0,759.0,TARJETA
V0100,2024-03-01,C0232,P243,LIMA,6.0,547.0,TRANSFERENCIA
V0101,2024-01-28,C0112,P179,LIMA,2.0,982.0,EFECTIVO
V0102,2024-03-31,C0201,P010,LIMA,1.0,387.0,EFECTIVO
V0103,2024-05-10,C0115,P235,CUSCO,8.0,2158.0,EFECTIVO
V0104,2024-01-10,C0225,P283,TRUJILLO,3.0,697.0,EFECTIVO
V0105,2024-01-16,C0298,P212,CUSCO,4.0,2259.0,EFECTIVO
V0106,2024-05-12,C0171,P125,LIMA,6.0,1551.0,efectivo
V0107,2024-02-21,C0082,P236,CUSCO,,2373.0,TARJETA
V0108,2024-05-23,C0236,P141,AREQUIPA,2.0,376.0,TRANSFERENCIA
V0109,2024-02-18,C0101,P251,CUSCO,9.0,2333.0,EFECTIVO
V0110,2024-05-11,C0237,,CUSCO,2.0,897.0,TRANSFERENCIA
V0111,2024-02-27,C0061,P097,CUSCO,1.0,2316.0,EFECTIVO
V0112,2024-03-12,C0050,P142,TRUJILLO,9.0,1140.0,TARJETA
V0113,2024-01-05,C0235,P215,AREQUIPA,,1607.0,TRANSFERENCIA
V0114,2024-03-07,C0154,P202,LIMA,3.0,2024.0,TRANSFERENCIA
V0115,2024-03-26,C0315,P132,LIMA,1.0,1829.0,TARJETA
V0116,2024-03-17,C0087,P224,CUSCO,4.0,842.0,EFECTIVO
V0117,2024-05-10,C0019,P225,LIMA,7.0,2614.0,EFECTIVO
V0118,2024-04-18,C0209,P143,AREQUIPA,4.0,748.0,EFECTIVO
V0119,2024-05-16,C0098,P080,TRUJILLO,6.0,2699.0,EFECTIVO
V0120,2024-02-09,C0024,P219,TRUJILLO,7.0,1990.0,EFECTIVO
V0121,20/06/2024,C0054,P294,TRUJILLO,65.0,2329.0,EFECTIVO
V0122,2024-01-28,C0238,P093,AREQUIPA,4.0,2667.0,EFECTIVO
V0123,2024-01-14,C0297,P252,CUSCO,8.0,306.0,TARJETA
V0124,2024-06-27,C0174,P108,TRUJILLO,3.0,2486.0,EFECTIVO
V0125,2024-03-01,C0103,P088,TRUJILLO,2.0,2005.0,TARJETA
V0126,16/02/2024,C0226,P189,LIMA,5.0,1049.0,EFECTIVO
V0127,2024-06-16,C0271,P293,CUSCO,5.0,2983.0,EFECTIVO
V0128,2024-01-01,C0218,P029,AREQUIPA,2.0,106.0,EFECTIVO
V0129,2024-01-22,C0027,P147, trujillo,5.0,2930.0,EFECTIVO
V0130,2024-02-20,C0023,P179,AREQUIPA,10.0,2640.0,TRANSFERENCIA
V0131,2024-05-16,C0291,P082, lima,4.0,392.0,TRANSFERENCIA
V0132,2024-05-14,C0201,P297, trujillo,4.0,1086.0,EFECTIVO
V0133,2024-03-28,C0251,P215,LIMA,5.0,123.0,EFECTIVO
V0134,2024-05-04,C0204,P285,LIMA,6.0,,EFECTIVO
V0135,2024-06-10,C0269,P147,CUSCO,8.0,137.0,TARJETA
V0136,2024-06-09,C0106,P266,CUSCO,6.0,480.0,TRANSFERENCIA
V0137,2024-01-11,C0068,P001,CUSCO,5.0,2063.0,EFECTIVO
V0138,2024-04-03,C0230,P268,LIMA,6.0,107.0,TARJETA
V0139,2024-03-24,C0212,P283,CUSCO,3.0,2827.0,TRANSFERENCIA
V0140,2024-05-10,C0286,P213,LIMA,4.0,1512.0,TARJETA
V0141,2024-01-22,C0276,P140,TRUJILLO,1.0,1301.0,EFECTIVO
V0142,2024-05-26,C0055,P269,TRUJILLO,6.0,835.0,TARJETA
V0143,2024-01-20,C0164,P084,LIMA,1.0,1269.0,EFECTIVO
V0144,2024-01-05,C0267,P258,TRUJILLO,2.0,2216.0,EFECTIVO
V0145,2024-02-02,C9999,P286,AREQUIPA,3.0,467.0,TRANSFERENCIA
V0146,2024-02-18,C0174,P235,TRUJILLO,2.0,86.0,EFECTIVO
V0147,2024-05-21,C0258,P066,TRUJILLO,4.0,2769.0,TARJETA
V0148,2024-05-18,C0110,P199,TRUJILLO,10.0,76.0,EFECTIVO
V0149,2024-02-12,C0206,P005,CUSCO,9.0,1883.0,TARJETA
V0150,2024-05-11,C0221,P184,TRUJILLO,,2961.0,TARJETA
V0151,2024-05-07,C0184,P248,CUSCO,74.0,2523.0,TARJETA
V0152,2024-01-03,C0114,P082,LIMA,5.0,1272.0,TRANSFERENCIA
V0153,26/04/2024,C0240,P110,AREQUIPA,5.0,696.0,EFECTIVO
V0154,2024-01-08,C0166,P128,AREQUIPA,1.0,2474.0,TRANSFERENCIA
V0155,2024-05-07,C0248,P109,TRUJILLO,4.0,119.0,TRANSFERENCIA
V0156,2024-03-10,C0302,P207,CUSCO,10.0,2576.0,EFECTIVO
V0157,2024-02-06,C0115,P074,AREQUIPA,4.0,2048.0,EFECTIVO
V0158,2024-04-22,C0069,P232,TRUJILLO,6.0,764.0,EFECTIVO
V0159,2024-05-19,C0317,P262,CUSCO,7.0,1861.0,EFECTIVO
V0160,2024-04-04,C0173,P294,TRUJILLO,8.0,671.0,tarjeta
V0161,2024-06-03,C0289,P044,TRUJILLO,4.0,2142.0,EFECTIVO
V0162,2024-04-22,C0039,P094,CUSCO,3.0,1641.0,EFECTIVO
V0163,28/02/2024,C0066,P186,AREQUIPA,2.0,1825.0,TRANSFERENCIA
V0164,2024-05-29,C0124,P157,TRUJILLO,7.0,2566.0,TARJETA
V0165,2024-02-12,C0072,P074,TRUJILLO,1.0,293.0,TRANSFERENCIA
V0166,2024-02-28,C0004,P018,AREQUIPA,7.0,2875.0,TRANSFERENCIA
V0167,2024-05-07,C0282,P288,AREQUIPA,10.0,2304.0,EFECTIVO
V0168,2024-06-29,C0316,P003,CUSCO,10.0,2612.0,TARJETA
V0169,2024-02-23,C0177,P149, cusco,10.0,721.0,EFECTIVO
V0170,2024-03-21,C0205,P198, trujillo,5.0,2024.0,EFECTIVO
V0171,2024-06-30,C0224,P064,TRUJILLO,1.0,1569.0,EFECTIVO
V0172,2024-06-13,C0079,P233,LIMA,4.0,2870.0,EFECTIVO
V0173,2024-03-04,C0030,P255,CUSCO,1.0,493.0,EFECTIVO
V0174,2024-06-24,C0085,P185,TRUJILLO,6.0,963.0,TRANSFERENCIA
V0175,2024-04-12,C0038,P214,LIMA,1.0,2356.0,TRANSFERENCIA
V0176,2024-01-23,C0277,P054,TRUJILLO,2.0,1215.0,EFECTIVO
V0177,2024-02-08,C0059,P196,TRUJILLO,4.0,2515.0,EFECTIVO
V0178,2024-01-04,C0166,P188,CUSCO,5.0,439.0,TARJETA
V0179,2024-04-13,C0170,P094, arequipa,5.0,1459.0,TRANSFERENCIA
V0180,2024-03-02,C0118,P004,TRUJILLO,6.0,1645.0,TARJETA
V0181,2024-01-25,C0288,P277,AREQUIPA,5.0,1805.0,TARJETA
V0182,2024-03-15,C0125,P206,LIMA,3.0,438.0,TARJETA
V0183,2024-04-02,C0001,P072,AREQUIPA,1.0,2748.0,TRANSFERENCIA
V0184,2024-06-21,C0053,P013,AREQUIPA,61.0,1562.0,EFECTIVO
V0185,2024-06-16,C0293,P117,LIMA,1.0,1021.0,TARJETA
V0186,2024-01-30,C0102,P105, cusco,3.0,1107.0,TARJETA
V0187,2024-04-29,C0080,P037,LIMA,8.0,168.0,TARJETA
V0188,2024-03-16,C0141,P105,AREQUIPA,9.0,2062.0,TRANSFERENCIA
V0189,2024-02-18,C0070,P136,TRUJILLO,7.0,1093.0,TRANSFERENCIA
V0190,2024-06-22,C0249,P201,TRUJILLO,7.0,2554.0,transferencia
V0191,2024-01-01,C0158,P133,CUSCO,2.0,1652.0,TARJETA
V0192,2024-05-24,C0193,P018,LIMA,1.0,2814.0,TARJETA
V0193,2024-04-10,C0054,P203,TRUJILLO,6.0,2770.0,
V0194,2024-05-24,C0051,P061,CUSCO,-2.0,566.0,TRANSFERENCIA
V0195,2024-03-31,C0017,P270,LIMA,9.0,663.0,TARJETA
V0196,2024-01-06,C0210,P226,AREQUIPA,2.0,2357.0,TARJETA
V0197,2024-02-08,C0242,P194,CUSCO,6.0,452.0,EFECTIVO
V0198,2024-03-19,C0051,P253,AREQUIPA,1.0,2709.0,TARJETA
V0199,2024-01-07,C0316,P183,TRUJILLO,10.0,301.0,EFECTIVO
V0200,2024-03-09,C0034,P191,CUSCO,6.0,2313.0,TARJETA
V0201,2024-01-07,C0309,P091,CUSCO,2.0,2556.0,TARJETA
V0202,2024-01-20,C0270,P025,TRUJILLO,10.0,1501.0,EFECTIVO
V0203,2024-03-12,C0075,P169,LIMA,6.0,,EFECTIVO
V0204,2024-03-05,C0081,P240,CUSCO,4.0,2609.0,EFECTIVO
V0205,2024-05-30,C0129,P144,TRUJILLO,8.0,186.0,EFECTIVO
V0206,2024-06-08,C0109,P049,LIMA,1.0,1304.0,TARJETA
V0207,2024-03-20,C0301,P111,TRUJILLO,7.0,1193.0,EFECTIVO
V0208,2024-02-17,C0082,P201,AREQUIPA,2.0,1994.0,TARJETA
V0209,2024-01-29,C0115,P166,TRUJILLO,9.0,645.0,TARJETA
V0210,2024-06-07,C0078,P277,CUSCO,2.0,639.0,EFECTIVO
V0211,2024-06-25,C0128,P224,CUSCO,4.0,840.0,TARJETA
V0212,2024-04-21,C0219,P257,AREQUIPA,2.0,2037.0,TRANSFERENCIA
V0213,2024-03-30,C0091,P147,TRUJILLO,5.0,409.0,TARJETA
V0214,2024-04-05,C0015,P274,TRUJILLO,6.0,1650.0,TRANSFERENCIA
V0215,2024-05-02,C0240,P028,CUSCO,6.0,2666.0,TARJETA
V0216,23/06/2024,C0245,P006,LIMA,5.0,2170.0,TRANSFERENCIA
V0217,2024-05-11,C0246,P300,TRUJILLO,8.0,303.0,TARJETA
V0218,2024-06-02,C0089,P213,TRUJILLO,7.0,85.0,TARJETA
V0219,2024-03-06,C0035,P206,CUSCO,3.0,1970.0,TARJETA
V0220,2024-04-22,C0025,P137,CUSCO,7.0,232.0,TRANSFERENCIA
V0221,2024-05-01,C0121,P277,CUSCO,9.0,1425.0,EFECTIVO
V0222,2024-01-17,C0066,P157,CUSCO,,,TRANSFERENCIA
V0223,2024-02-08,C0018,P216,CUSCO,5.0,1297.0,EFECTIVO
V0224,2024-03-13,C0208,P193,CUSCO,4.0,1335.0,TARJETA
V0225,2024-05-23,C0182,P149,LIMA,4.0,1983.0,TRANSFERENCIA
V0226,2024-04-17,C0277,P261,AREQUIPA,8.0,926.0,EFECTIVO
V0227,2024-03-26,C0159,P065,CUSCO,,2393.0,EFECTIVO
V0228,2024-04-22,C0262,P184,CUSCO,3.0,817.0,EFECTIVO
V0229,2024-05-14,C0294,P117,LIMA,3.0,1554.0,efectivo
V0230,2024-01-20,C0227,P293,LIMA,8.0,1839.0,
V0231,2024-05-20,C0078,P140,AREQUIPA,3.0,2027.0,TARJETA
V0232,2024-06-20,C0314,P161,TRUJILLO,9.0,2540.0,EFECTIVO
V0233,2024-04-30,C0215,P023,AREQUIPA,3.0,2903.0,TARJETA
V0234,2024-02-23,C0033,P137,TRUJILLO,1.0,2625.0,
V0235,2024-04-14,C0234,P271,CUSCO,7.0,55.0,TARJETA
V0236,2024-01-22,,P274,AREQUIPA,9.0,2129.0,EFECTIVO
V0237,2024-02-16,C0151,P234,TRUJILLO,8.0,2641.0,EFECTIVO
V0238,2024-06-30,C0309,P249,CUSCO,10.0,1163.0,EFECTIVO
V0239,2024-05-05,C0060,P261,CUSCO,3.0,,TARJETA
V0240,2024-06-01,C0254,P031,TRUJILLO,2.0,1433.0,EFECTIVO
V0241,2024-03-03,C0089,P024,TRUJILLO,6.0,523.0,EFECTIVO
V0242,2024-04-13,C0164,P285,TRUJILLO,9.0,521.0,TARJETA
V0243,2024-04-12,C0175,P024,TRUJILLO,6.0,2306.0,EFECTIVO
V0244,19/05/2024,C0151,P251, lima,4.0,409.0,EFECTIVO
V0245,2024-02-28,C0017,P191,TRUJILLO,5.0,1504.0,EFECTIVO
V0246,2024-02-12,C0289,P070,CUSCO,7.0,682.0,EFECTIVO
V0247,2024-03-14,C0166,,CUSCO,9.0,94.0,TARJETA
V0248,2024-05-06,C0055,P273,CUSCO,5.0,967.0,TARJETA
V0249,2024-03-06,C0134,P129,TRUJILLO,10.0,2824.0,transferencia
V0250,2024-04-29,C0289,P220,AREQUIPA,-5.0,2841.0,EFECTIVO
V0251,2024-03-19,C0302,P002,LIMA,1.0,324.0,TRANSFERENCIA
V0252,2024-01-08,C0018,P203,TRUJILLO,6.0,1399.0,TARJETA
V0253,2024-04-13,C0202,P021,CUSCO,1.0,2224.0,EFECTIVO
V0254,2024-01-01,C0009,P005,LIMA,6.0,1628.0,TARJETA
V0255,2024-03-29,C0290,P097,CUSCO,9.0,1856.0,TARJETA
V0256,2024-03-13,C0076,P207,LIMA,7.0,1207.0,EFECTIVO
V0257,2024-04-05,C0130,P272,CUSCO,10.0,2602.0,EFECTIVO
V0258,2024-03-10,C0166,P197,TRUJILLO,2.0,2295.0,TRANSFERENCIA
V0259,2024-02-14,C0281,P137,TRUJILLO,7.0,1530.0,EFECTIVO
V0260,2024-06-27,C0095,P179,TRUJILLO,5.0,1935.0,EFECTIVO
V0261,2024-02-25,C0216,P065,LIMA,6.0,1846.0,EFECTIVO
V0262,2024-05-07,C0298,P246,LIMA,5.0,1037.0,TARJETA
V0263,19/02/2024,C0131,P267,LIMA,9.0,2362.0,TARJETA
V0264,2024-03-01,C0276,P105,TRUJILLO,1.0,432.0,EFECTIVO
V0265,2024-06-09,C0126,P210,AREQUIPA,10.0,1639.0,EFECTIVO
V0266,2024-02-23,C0248,P025,TRUJILLO,10.0,1045.0,EFECTIVO
V0267,2024-03-04,C0151,P049,AREQUIPA,4.0,2303.0,TARJETA
V0268,2024-05-06,C0055,P012,TRUJILLO,10.0,742.0,TRANSFERENCIA
V0269,2024-05-25,C0060,P182,CUSCO,6.0,981.0,TRANSFERENCIA
V0270,2024-05-24,C0298,P285,LIMA,9.0,1733.0,EFECTIVO
V0271,2024-02-11,C0152,P096,AREQUIPA,7.0,2492.0,TARJETA
V0272,18/03/2024,C0234,P010,CUSCO,9.0,1834.0,TARJETA
V0273,2024-02-26,C0096,P222,LIMA,10.0,597.0,TRANSFERENCIA
V0274,2024-04-24,C0209,P262,CUSCO,7.0,1354.0,EFECTIVO
V0275,2024-01-16,C9999,P224,LIMA,10.0,2330.0,TARJETA
V0276,2024-05-07,C0178,P205, arequipa,2.0,1661.0,EFECTIVO
V0277,2024-02-22,C0300,P002, arequipa,10.0,2951.0,EFECTIVO
V0278,2024-05-01,C0189,P014,CUSCO,4.0,1942.0,efectivo
V0279,2024-03-19,C0051,P273,TRUJILLO,5.0,1145.0,TARJETA
V0280,2024-04-19,C0064,P203,AREQUIPA,7.0,1463.0,TARJETA
V0281,2024-02-10,C0075,P282,TRUJILLO,7.0,2219.0,EFECTIVO
V0282,2024-06-29,C0285,P103,TRUJILLO,1.0,2682.0,TARJETA
V0283,2024-01-14,C9999,P123,TRUJILLO,7.0,428.0,EFECTIVO
V0284,2024-03-23,C0229,P169,LIMA,9.0,2848.0,EFECTIVO
V0285,2024-01-27,C0207,P213,CUSCO,8.0,1086.0,EFECTIVO
V0286,2024-05-09,C0024,P096,TRUJILLO,9.0,73.0,EFECTIVO
V0287,2024-06-10,C0191,P036,TRUJILLO,5.0,1949.0,EFECTIVO
V0288,2024-04-01,C0148,P149,CUSCO,6.0,1342.0,EFECTIVO
V0289,2024-05-19,C0233,P282,TRUJILLO,4.0,657.0,TRANSFERENCIA
V0290,2024-02-26,C0145,P078,LIMA,,1479.0,TARJETA
V0291,2024-01-01,C0250,P092,TRUJILLO,9.0,1633.0,EFECTIVO
V0292,2024-06-18,C0319,P238,TRUJILLO,1.0,320.0,TARJETA
V0293,2024-05-03,C0292,P076,LIMA,5.0,1965.0,EFECTIVO
V0294,2024-03-11,C0299,P045,AREQUIPA,9.0,417.0,EFECTIVO
V0295,2024-06-02,C0254,P011,TRUJILLO,4.0,2998.0,TARJETA
V0296,25/04/2024,C0274,P126,TRUJILLO,7.0,1499.0,EFECTIVO
V0297,2024-05-05,C0211,P014,LIMA,10.0,2282.0,TARJETA
V0298,2024-02-09,C0049,P023,LIMA,2.0,2398.0,TARJETA
V0299,2024-01-10,C0068,P281, trujillo,6.0,782.0,TRANSFERENCIA
V0300,2024-02-27,C0031,P188,AREQUIPA,10.0,2492.0,EFECTIVO
V0301,2024-03-14,C0151,P074,TRUJILLO,2.0,1852.0,TRANSFERENCIA
V0302,2024-01-24,C0049,P095,CUSCO,3.0,98.0,EFECTIVO
V0303,2024-04-21,C0167,P160,CUSCO,10.0,2715.0,EFECTIVO
V0304,2024-01-11,,P288,TRUJILLO,10.0,1186.0,EFECTIVO
V0305,2024-06-29,C0028,P113,TRUJILLO,,2120.0,TARJETA
V0306,2024-04-05,C0080,P130,CUSCO,7.0,2349.0,TARJETA
V0307,2024-04-07,C0034,P293,TRUJILLO,4.0,2964.0,TARJETA
V0308,2024-05-03,C9999,P122,AREQUIPA,9.0,1491.0,EFECTIVO
V0309,2024-03-06,C0213,P186,CUSCO,9.0,2776.0,TRANSFERENCIA
V0310,2024-02-20,C0175,P079,TRUJILLO,3.0,587.0,EFECTIVO
V0311,2024-06-22,C0098,P283,CUSCO,9.0,2604.0,
V0312,2024-01-28,C0049,P286,LIMA,8.0,1950.0,TARJETA
V0313,2024-04-28,C0245,P012,LIMA,6.0,1667.0,efectivo
V0314,2024-05-07,C0137,P146,LIMA,8.0,2115.0,TRANSFERENCIA
V0315,2024-01-29,C0293,P232,CUSCO,7.0,2665.0,TARJETA
V0316,2024-03-25,C0185,P107,AREQUIPA,3.0,,EFECTIVO
V0317,2024-05-26,C0289,P204,CUSCO,6.0,876.0,TARJETA
V0318,2024-01-26,C0319,P227,TRUJILLO,1.0,708.0,TRANSFERENCIA
V0319,18/02/2024,C0027,P131,CUSCO,3.0,1140.0,TARJETA
V0320,2024-03-26,,P118,TRUJILLO,7.0,2408.0,TRANSFERENCIA
V0321,2024-06-01,C0091,P057,LIMA,5.0,2997.0,EFECTIVO
V0322,2024-02-22,C0283,P249,TRUJILLO,3.0,123.0,EFECTIVO
V0323,2024-01-29,C0306,P222,CUSCO,10.0,688.0,EFECTIVO
V0324,2024-03-07,C0081,P144,CUSCO,9.0,1922.0,TARJETA
V0325,2024-03-11,C0212,P216,TRUJILLO,10.0,589.0,EFECTIVO
V0326,2024-01-30,C0008,P083,TRUJILLO,9.0,610.0,
V0327,2024-06-30,C0239,P072,TRUJILLO,9.0,1989.0,EFECTIVO
V0328,2024-03-20,C0257,P171,CUSCO,10.0,1265.0,EFECTIVO
V0329,2024-01-26,C0030,P092,AREQUIPA,3.0,1333.0,TARJETA
V0330,2024-06-30,C0209,P119,TRUJILLO,3.0,283.0,TARJETA
V0331,2024-02-11,C0196,P135,AREQUIPA,1.0,82.0,TRANSFERENCIA
V0332,2024-01-26,C0286,P202,CUSCO,6.0,495.0,TARJETA
V0333,2024-05-27,C0277,P086,AREQUIPA,2.0,252.0,TRANSFERENCIA
V0334,2024-02-23,,P258,AREQUIPA,1.0,1063.0,EFECTIVO
V0335,2024-04-26,C0031,P101,CUSCO,1.0,2177.0,EFECTIVO
V0336,2024-01-27,C0157,P240,CUSCO,9.0,822.0,TARJETA
V0337,2024-02-01,C0006,P071,LIMA,5.0,1752.0,EFECTIVO
V0338,2024-05-18,C0312,P030,CUSCO,2.0,2815.0,TRANSFERENCIA
V0339,2024-06-03,C0298,P019,TRUJILLO,-2.0,496.0,EFECTIVO
V0340,2024-04-12,C0317,P141,AREQUIPA,5.0,2886.0,EFECTIVO
V0341,2024-04-18,C0134,P182,TRUJILLO,3.0,2000.0,TARJETA
V0342,2024-06-27,C0159,P216,TRUJILLO,4.0,1041.0,EFECTIVO
V0343,2024-02-13,C0125,P124,TRUJILLO,4.0,1501.0,EFECTIVO
V0344,28/05/2024,C0262,P115,TRUJILLO,10.0,2515.0,EFECTIVO
V0345,2024-04-13,C0203,P045,CUSCO,1.0,844.0,TARJETA
V0346,2024-03-26,C0130,P091,AREQUIPA,7.0,429.0,TARJETA
V0347,2024-01-26,C0232,P019,LIMA,10.0,2506.0,EFECTIVO
V0348,2024-03-17,C0118,P169,CUSCO,3.0,214.0,TRANSFERENCIA
V0349,2024-05-11,C0156,P298,AREQUIPA,4.0,849.0,TARJETA
V0350,2024-05-17,C0171,P132,TRUJILLO,1.0,2522.0,TARJETA
V0351,2024-02-17,C0075,P007,TRUJILLO,4.0,946.0,TARJETA
V0352,2024-01-26,C0180,P038, trujillo,2.0,1474.0,TRANSFERENCIA
V0353,2024-05-31,C9999,P001,AREQUIPA,1.0,64.0,TARJETA
V0354,2024-04-24,C0150,P188,TRUJILLO,8.0,189.0,TRANSFERENCIA
V0355,2024-02-09,C0298,,AREQUIPA,7.0,2073.0,EFECTIVO
V0356,2024-06-30,C0109,P056,TRUJILLO,10.0,871.0,EFECTIVO
V0357,2024-01-01,C0126,P195,AREQUIPA,9.0,505.0,TARJETA
V0358,2024-03-24,C0195,P236,TRUJILLO,4.0,1431.0,TRANSFERENCIA
V0359,2024-06-01,C0066,P254,TRUJILLO,4.0,388.0,EFECTIVO
V0360,2024-03-28,C0091,P110,AREQUIPA,8.0,1497.0,TARJETA
V0361,2024-04-26,C0261,P175,AREQUIPA,2.0,1431.0,TARJETA
V0362,2024-01-03,C0005,P269,TRUJILLO,4.0,1200.0,TRANSFERENCIA
V0363,2024-02-11,C0120,P100, lima,3.0,71.0,EFECTIVO
V0364,2024-03-03,C0147,P261,LIMA,4.0,297.0,transferencia
V0365,2024-06-14,C0030,P255,AREQUIPA,4.0,492.0,TRANSFERENCIA
V0366,2024-02-16,C0061,P223,AREQUIPA,4.0,171.0,EFECTIVO
V0367,2024-02-25,C0025,P289,CUSCO,3.0,2820.0,EFECTIVO
V0368,2024-01-22,C0007,P119,CUSCO,5.0,2145.0,EFECTIVO
V0369,2024-01-07,C0067,P197,AREQUIPA,7.0,1933.0,TARJETA
V0370,2024-04-11,C0041,P142,CUSCO,5.0,1421.0,TRANSFERENCIA
V0371,2024-05-19,C0298,P033,LIMA,10.0,2186.0,EFECTIVO
V0372,2024-05-23,C0035,P237,TRUJILLO,5.0,1748.0,EFECTIVO
V0373,2024-02-21,,P052,LIMA,9.0,560.0,EFECTIVO
V0374,2024-04-01,C0231,P093,LIMA,1.0,321.0,EFECTIVO
V0375,2024-04-05,C0126,P111,CUSCO,5.0,857.0,TARJETA
V0376,2024-01-16,C0219,P059,TRUJILLO,8.0,2962.0,EFECTIVO
V0377,2024-02-03,C0245,P072, arequipa,7.0,1038.0,TARJETA
V0378,2024-05-21,C0195,P111,LIMA,2.0,2151.0,
V0379,2024-06-07,C0001,P209,AREQUIPA,10.0,817.0,TARJETA
V0380,2024-03-12,C0216,P257,CUSCO,10.0,715.0,TARJETA
V0381,2024-04-30,C0063,P260, lima,7.0,873.0,EFECTIVO
V0382,2024-06-04,C0166,P197,CUSCO,5.0,1637.0,TARJETA
V0383,2024-02-13,C0079,P221,TRUJILLO,6.0,1612.0,TARJETA
V0384,2024-03-13,C0285,P252,TRUJILLO,6.0,250.0,EFECTIVO
V0385,23/01/2024,C0318,P006,TRUJILLO,5.0,1882.0,TARJETA
V0386,2024-05-20,C0319,P097,LIMA,10.0,2582.0,TARJETA
V0387,no registrada,C0192,P025,TRUJILLO,9.0,118.0,EFECTIVO
V0388,2024-03-16,C0013,,CUSCO,5.0,2609.0,EFECTIVO
V0389,2024-02-11,C0117,P049,TRUJILLO,8.0,1770.0,TARJETA
V0390,2024-03-27,C0228,P061, cusco,8.0,2408.0,TARJETA
V0391,2024-01-28,C0274,P288,AREQUIPA,10.0,338.0,EFECTIVO
V0392,2024-04-16,C0169,P221,AREQUIPA,3.0,1291.0,EFECTIVO
V0393,2024-05-27,C0211,P209,LIMA,2.0,2784.0,TARJETA
V0394,2024-04-29,C0018,P264,CUSCO,1.0,2863.0,EFECTIVO
V0395,2024-01-02,C0067,P136,AREQUIPA,9.0,772.0,TRANSFERENCIA
V0396,2024-05-24,C0204,P045,AREQUIPA,7.0,2019.0,TARJETA
V0397,2024-04-16,C0163,P232,CUSCO,1.0,410.0,EFECTIVO
V0398,2024-01-27,C0098,P283,TRUJILLO,7.0,2076.0,TRANSFERENCIA
V0399,2024-01-30,C0038,P148, cusco,4.0,984.0,EFECTIVO
V0400,2024-06-11,C0276,P181,LIMA,1.0,460.0,
V0401,2024-03-24,C0106,P169,CUSCO,6.0,1461.0,TARJETA
V0402,2024-06-24,C0043,P071,TRUJILLO,6.0,2368.0,TARJETA
V0403,2024-01-29,C0314,P280,TRUJILLO,5.0,2235.0,EFECTIVO
V0404,2024-02-13,C0177,P025,AREQUIPA,-1.0,1118.0,TARJETA
V0405,2024-03-29,C0032,P215,TRUJILLO,6.0,1131.0,TARJETA
V0406,2024-04-07,C0215,P055,TRUJILLO,1.0,1208.0,EFECTIVO
V0407,2024-03-07,C0066,P171,CUSCO,1.0,2796.0,EFECTIVO
V0408,2024-06-30,C0102,P296,LIMA,6.0,1149.0,TARJETA
V0409,2024-04-28,C0164,,TRUJILLO,2.0,1006.0,EFECTIVO
V0410,2024-04-15,C0052,P202,AREQUIPA,5.0,773.0,TARJETA
V0411,2024-03-22,C0180,P067,CUSCO,7.0,2846.0,EFECTIVO
V0412,2024-02-19,C0040,P184,CUSCO,10.0,1117.0,EFECTIVO
V0413,no registrada,C0202,P060,TRUJILLO,10.0,309.0,TRANSFERENCIA
V0414,2024-05-06,C0317,P272,AREQUIPA,7.0,2453.0,EFECTIVO
V0415,2024-04-04,C0312,P282,AREQUIPA,8.0,2770.0,TARJETA
V0416,2024-06-01,C0108,P168,AREQUIPA,1.0,2487.0,TRANSFERENCIA
V0417,2024-01-25,C0283,P131,AREQUIPA,1.0,1314.0,TRANSFERENCIA
V0418,2024-03-07,,P203,CUSCO,6.0,384.0,TARJETA
V0419,2024-02-26,C0146,P283,CUSCO,6.0,2859.0,EFECTIVO
V0420,2024-01-18,C0245,P245,CUSCO,2.0,640.0,TARJETA
V0421,2024-04-09,,P237,AREQUIPA,7.0,2509.0,
V0422,2024-02-21,C0102,P232,CUSCO,5.0,870.0,TRANSFERENCIA
V0423,2024-04-17,C0303,P220,LIMA,8.0,1771.0,TARJETA
V0424,2024-05-30,C0306,P109,LIMA,3.0,649.0,TRANSFERENCIA
V0425,2024-01-09,C0262,P298,CUSCO,4.0,2422.0,EFECTIVO
V0426,2024-04-13,C0265,P051,LIMA,,2266.0,EFECTIVO
V0427,18/01/2024,C0092,P133,AREQUIPA,10.0,2905.0,TARJETA
V0428,2024-01-19,C0155,P012,TRUJILLO,10.0,2769.0,TRANSFERENCIA
V0429,2024-06-12,C0129,P030,TRUJILLO,6.0,1516.0,TARJETA
V0430,2024-06-21,C0230,P022,CUSCO,6.0,1180.0,EFECTIVO
V0431,25/02/2024,C0014,P248,CUSCO,9.0,1507.0,EFECTIVO
V0432,2024-01-01,C0151,P293,TRUJILLO,1.0,1199.0,TARJETA
V0433,25/01/2024,C0044,P068,LIMA,10.0,2448.0,EFECTIVO
V0434,2024-01-01,C0217,P300,AREQUIPA,6.0,2615.0,TARJETA
V0435,2024-05-14,C0025,P143,CUSCO,6.0,912.0,TRANSFERENCIA
V0436,2024-06-04,C0248,P144,CUSCO,60.0,1982.0,TARJETA
V0437,2024-02-24,C0208,P056,CUSCO,6.0,2519.0,TARJETA
V0438,2024-04-11,C0015,P055,AREQUIPA,9.0,1227.0,TARJETA
V0439,2024-03-19,C0282,P213,CUSCO,3.0,1851.0,EFECTIVO
V0440,2024-03-31,C0216,P155,TRUJILLO,8.0,2061.0,EFECTIVO
V0441,2024-06-23,C0121,P167,CUSCO,4.0,2152.0,TARJETA
V0442,2024-01-30,C0203,,CUSCO,4.0,2465.0,TRANSFERENCIA
V0443,28/05/2024,C0282,P279,AREQUIPA,4.0,2560.0,TARJETA
V0444,2024-01-16,C0209,P112, arequipa,7.0,2539.0,TARJETA
V0445,2024-03-03,C0125,P210,CUSCO,2.0,1987.0,EFECTIVO
V0446,2024-02-06,C0149,P285,AREQUIPA,6.0,471.0,TARJETA
V0447,2024-03-22,C0156,P135,LIMA,5.0,2166.0,TARJETA
V0448,2024-01-10,C0078,P153,LIMA,4.0,884.0,TARJETA
V0449,2024-03-25,C0237,P247,CUSCO,9.0,,EFECTIVO
V0450,2024-02-27,C0045,P156,TRUJILLO,1.0,2027.0,EFECTIVO
V0451,2024-02-14,C0258,P227,CUSCO,9.0,2807.0,EFECTIVO
V0452,2024-02-06,C0124,P259,TRUJILLO,4.0,1102.0,TARJETA
V0453,2024-06-26,C0222,P225,LIMA,1.0,2634.0,TARJETA
V0454,2024-03-01,C0296,P012,TRUJILLO,5.0,2083.0,EFECTIVO
V0455,2024-06-03,C0140,P120,CUSCO,1.0,1580.0,EFECTIVO
V0456,2024-04-25,C0129,P283,TRUJILLO,5.0,2211.0,EFECTIVO
V0457,2024-01-17,C0111,P091,AREQUIPA,10.0,2296.0,transferencia
V0458,2024-05-08,C0059,P188,LIMA,8.0,1753.0,TRANSFERENCIA
V0459,2024-04-30,C0233,P176,CUSCO,9.0,617.0,TARJETA
V0460,2024-03-11,C0141,P238,TRUJILLO,9.0,2463.0,TARJETA
V0461,2024-04-01,C0284,P067,AREQUIPA,4.0,2360.0,TARJETA
V0462,2024-04-12,C0316,P077,CUSCO,4.0,2858.0,TRANSFERENCIA
V0463,2024-06-06,C0298,P005,AREQUIPA,7.0,1685.0,TARJETA
V0464,2024-06-05,C0037,P031,CUSCO,7.0,2710.0,TARJETA
V0465,2024-05-18,C0308,P286,AREQUIPA,5.0,2471.0,EFECTIVO
V0466,2024-04-08,C0319,P010, arequipa,5.0,2963.0,TARJETA
V0467,2024-03-20,C0233,P281,AREQUIPA,10.0,1576.0,EFECTIVO
V0468,2024-01-01,C0175,P249,LIMA,3.0,1052.0,TARJETA
V0469,2024-06-18,C0279,P027,CUSCO,4.0,1324.0,EFECTIVO
V0470,2024-01-16,C0183,P033,AREQUIPA,9.0,2213.0,TRANSFERENCIA
V0471,2024-03-03,C0200,P275,LIMA,5.0,860.0,TRANSFERENCIA
V0472,2024-05-30,C0095,P103,LIMA,1.0,2097.0,TARJETA
V0473,2024-04-27,C0147,P040,CUSCO,2.0,1379.0,EFECTIVO
V0474,2024-03-18,C0287,P158,TRUJILLO,5.0,2177.0,EFECTIVO
V0475,2024-02-22,C0225,P177,AREQUIPA,5.0,1150.0,EFECTIVO
V0476,2024-04-29,C0260,P061,CUSCO,6.0,56.0,EFECTIVO
V0477,2024-06-22,C0214,P118,LIMA,9.0,720.0,EFECTIVO
V0478,2024-06-30,C0033,P020,AREQUIPA,1.0,2498.0,EFECTIVO
V0479,2024-06-03,C0018,P106,CUSCO,8.0,1076.0,EFECTIVO
V0480,2024-06-28,C0299,P149,LIMA,2.0,1674.0,TRANSFERENCIA
V0481,2024-04-05,C0063,P201,CUSCO,6.0,681.0,EFECTIVO
V0482,2024-05-08,C0149,P025,CUSCO,5.0,339.0,EFECTIVO
V0483,2024-05-28,C0291,P035,LIMA,6.0,635.0,EFECTIVO
V0484,2024-01-04,C0047,P240,TRUJILLO,8.0,1657.0,EFECTIVO
V0485,2024-06-17,C0077,P240,LIMA,1.0,255.0,TARJETA
V0486,2024-04-17,C0090,P262,CUSCO,2.0,261.0,EFECTIVO
V0487,2024-02-29,C0285,P015,TRUJILLO,-5.0,1859.0,EFECTIVO
V0488,2024-05-02,C0240,P247, arequipa,5.0,2860.0,EFECTIVO
V0489,2024-05-25,C0078,P014,TRUJILLO,69.0,2737.0,TARJETA
V0490,2024-05-12,C0262,P262,CUSCO,10.0,2370.0,TARJETA
V0491,2024-06-14,C0071,P164,CUSCO,8.0,775.0,TRANSFERENCIA
V0492,2024-06-16,C0171,P209,TRUJILLO,2.0,1432.0,EFECTIVO
V0493,2024-02-23,C0052,P151,AREQUIPA,1.0,1882.0,TARJETA
V0494,2024-02-19,C0034,P197,TRUJILLO,9.0,2965.0,TRANSFERENCIA
V0495,2024-01-11,C0014,P100,AREQUIPA,5.0,1015.0,TARJETA
V0496,2024-02-25,C0050,P167, arequipa,2.0,2007.0,EFECTIVO
V0497,2024-06-14,C0295,P201,LIMA,2.0,1336.0,TARJETA
V0498,2024-01-24,C0232,P090,CUSCO,4.0,1968.0,TARJETA
V0499,2024-02-12,C0161,P164,LIMA,10.0,984.0,TARJETA
V0500,2024-03-27,C0046,P006,TRUJILLO,9.0,713.0,EFECTIVO
V0230,2024-01-20,C0227,P293,LIMA,8.0,1839.0,
V0338,2024-05-18,C0312,P030,CUSCO,2.0,2815.0,TRANSFERENCIA
V0328,2024-03-20,C0257,P171,CUSCO,10.0,1265.0,EFECTIVO
V0417,2024-01-25,C0283,P131,AREQUIPA,1.0,1314.0,TRANSFERENCIA
V0307,2024-04-07,C0034,P293,TRUJILLO,4.0,2964.0,TARJETA
V0132,2024-05-14,C0201,P297, trujillo,4.0,1086.0,EFECTIVO
V0006,13/04/2024,C0082,P098,TRUJILLO,9.0,1420.0,tarjeta
V0432,2024-01-01,C0151,P293,TRUJILLO,1.0,1199.0,TARJETA
V0435,2024-05-14,C0025,P143,CUSCO,6.0,912.0,TRANSFERENCIA
V0135,2024-06-10,C0269,P147,CUSCO,8.0,137.0,TARJETA
V0277,2024-02-22,C0300,P002, arequipa,10.0,2951.0,EFECTIVO
V0265,2024-06-09,C0126,P210,AREQUIPA,10.0,1639.0,EFECTIVO
