id_venta,fecha,id_cliente,id_producto,sucursal,cantidad,precio_unitario,metodo_pago,nombre_producto,categoria,precio_lista,costo,nombre,ciudad,edad,segmento,fecha_registro,importe,mes
V0001,2024-01-10,C0182,P251,TRUJILLO,5.0,2521.0,EFECTIVO,PeruPC LAPTOP Pro 251,LAPTOP,3550.0,2492.72,Gabriela Castillo,AREQUIPA,64.0,REGULAR,2024-03-18,12605.0,2024-01
V0003,2024-01-26,C0143,P247,CUSCO,2.0,2514.0,TRANSFERENCIA,PeruPC ACCESORIO Plus 247,ACCESORIO,126.0,77.73,Óscar Díaz,CUSCO,55.0,VIP,2023-04-12,5028.0,2024-01
V0004,2024-05-26,C0302,P094,CUSCO,8.0,1742.0,TARJETA,MaxDigital LAPTOP Pro 094,LAPTOP,1870.0,1143.16,Cliente 9694,TRUJILLO,56.0,VIP,2023-04-23,13936.0,2024-05
V0005,2024-02-27,C0244,P265,TRUJILLO,9.0,1652.0,EFECTIVO,AndinaTech TABLET Basic 265,TABLET,1199.0,682.91,César Torres,CHICLAYO,37.0,VIP,2024-07-24,14868.0,2024-02
V0006,2024-04-13,C0082,P098,TRUJILLO,9.0,1420.0,TARJETA,TechNova ACCESORIO Neo 098,ACCESORIO,92.0,57.95,Alejandra Aguilar,CUSCO,27.0,VIP,2024-02-24,12780.0,2024-04
V0007,2024-06-06,C0251,P289,LIMA,1.0,2794.0,TRANSFERENCIA,TechNova AUDIO Pro 289,SIN CATEGORIA,430.0,303.96,Pedro Flores,PIURA,79.0,NUEVO,2023-04-10,2794.0,2024-06
V0009,2024-05-15,C0180,P119,AREQUIPA,7.0,2821.0,EFECTIVO,PeruPC ACCESORIO Plus 119,ACCESORIO,35.0,19.39,Ricardo Chávez,CHICLAYO,59.0,REGULAR,2024-05-07,19747.0,2024-05
V0011,2024-05-10,C0109,P299,CUSCO,8.0,2108.0,TRANSFERENCIA,AndinaTech AUDIO Lite 299,AUDIO,279.0,174.25,Raúl Rodríguez,CUSCO,58.0,NUEVO,2024-11-26,16864.0,2024-05
V0012,2024-06-08,C0290,P224,TRUJILLO,4.0,646.0,EFECTIVO,AndinaTech CELULAR Lite 224,CELULAR,3368.0,1971.78,Cliente 4893,TRUJILLO,28.0,REGULAR,2023-12-04,2584.0,2024-06
V0013,2024-06-04,C0205,P292,CUSCO,10.0,1621.0,EFECTIVO,TechNova LAPTOP Basic 292,LAPTOP,3108.0,1863.84,Walter Chávez,SIN REGISTRO,52.0,NUEVO,2024-09-12,16210.0,2024-06
V0014,2024-05-05,C0018,P240,AREQUIPA,1.0,380.0,EFECTIVO,TechNova LAPTOP Air 240,LAPTOP,3967.0,2432.01,César Paredes,TRUJILLO,86.0,NUEVO,2024-03-19,380.0,2024-05
V0015,2024-05-18,C0250,P273,TRUJILLO,1.0,2685.0,EFECTIVO,MaxDigital AUDIO Pro 273,AUDIO,728.0,497.27,Jorge García,TRUJILLO,63.0,REGULAR,2023-12-17,2685.0,2024-05
V0016,2024-01-17,C0057,P082,CUSCO,1.0,2114.0,TARJETA,AndinaTech ACCESORIO Plus 082,ACCESORIO,109.0,63.3,Adriana Salazar,TRUJILLO,47.0,REGULAR,2024-07-05,2114.0,2024-01
V0017,2024-02-04,C0032,P083,CUSCO,10.0,390.0,TARJETA,MaxDigital MONITOR Neo 083,MONITOR,577.0,336.31,Patricia Gutiérrez,AREQUIPA,43.0,REGULAR,2024-12-28,3900.0,2024-02
V0018,2024-05-08,C0148,P180,LIMA,8.0,2556.0,EFECTIVO,PeruPC ACCESORIO Ultra 180,ACCESORIO,173.0,107.31,Carmen Rodríguez,TRUJILLO,47.0,REGULAR,2023-06-06,20448.0,2024-05
V0020,2024-03-11,C0124,P121,CUSCO,7.0,2428.0,TRANSFERENCIA,PeruPC LAPTOP Neo 121,LAPTOP,862.0,2813.5,Jorge Rojas,CUSCO,84.0,VIP,2023-10-03,16996.0,2024-03
V0021,2024-03-25,C0124,P166,LIMA,5.0,2209.0,TARJETA,PeruPC ACCESORIO Plus 166,ACCESORIO,218.0,126.77,Jorge Rojas,CUSCO,84.0,VIP,2023-10-03,11045.0,2024-03
V0022,2024-04-25,C0115,P187,CUSCO,4.0,1893.0,EFECTIVO,TechNova MONITOR Max 187,MONITOR,835.0,550.25,Gabriela Chávez,PIURA,22.0,REGULAR,2024-09-14,7572.0,2024-04
V0023,2024-02-02,C0275,P242,AREQUIPA,6.0,941.0,EFECTIVO,TechNova ACCESORIO Plus 242,ACCESORIO,157.0,94.12,Cliente 9952,PIURA,62.0,VIP,2024-01-24,5646.0,2024-02
V0024,2024-05-05,C0126,P208,LIMA,4.0,444.0,EFECTIVO,MaxDigital CELULAR Basic 208,SIN CATEGORIA,3255.0,1972.9,Daniela Castro,AREQUIPA,35.0,VIP,2024-01-15,1776.0,2024-05
V0025,2024-04-14,C0290,P109,LIMA,1.0,588.0,TARJETA,PeruPC TABLET Basic 109,TABLET,860.0,517.68,Cliente 4893,TRUJILLO,28.0,REGULAR,2023-12-04,588.0,2024-04
V0026,2024-06-29,C0097,P156,TRUJILLO,5.0,1671.0,EFECTIVO,AndinaTech MONITOR Ultra 156,MONITOR,1027.0,674.37,Lucía García,AREQUIPA,55.0,VIP,2024-08-09,8355.0,2024-06
V0027,2024-01-28,C0209,P275,TRUJILLO,7.0,320.0,EFECTIVO,PeruPC CELULAR Neo 275,CELULAR,1383.0,903.93,Hugo Quispe,TRUJILLO,55.0,REGULAR,2024-05-05,2240.0,2024-01
V0029,2024-03-06,C0306,P079,AREQUIPA,4.0,1201.0,EFECTIVO,PeruPC AUDIO Plus 079,AUDIO,617.0,374.7,Cliente 8140,TRUJILLO,71.0,REGULAR,2023-04-22,4804.0,2024-03
V0030,2024-02-24,C0306,P269,LIMA,8.0,2397.0,EFECTIVO,MaxDigital MONITOR Pro 269,MONITOR,577.0,327.82,Cliente 8140,TRUJILLO,71.0,REGULAR,2023-04-22,19176.0,2024-02
V0031,2024-02-16,C0142,P271,CUSCO,2.0,1598.0,TRANSFERENCIA,PeruPC CELULAR Lite 271,CELULAR,1614.0,893.73,Valeria Castro,SIN REGISTRO,69.0,VIP,2024-08-15,3196.0,2024-02
V0032,2024-02-28,C0214,P098,AREQUIPA,3.0,1585.0,TARJETA,TechNova ACCESORIO Neo 098,ACCESORIO,92.0,57.95,Estefanía García,TRUJILLO,79.0,NUEVO,2024-05-13,4755.0,2024-02
V0034,2024-05-19,C0054,P002,LIMA,1.0,266.0,EFECTIVO,AndinaTech TABLET Ultra 002,TABLET,900.0,571.3,Andrés Vargas,PIURA,56.0,REGULAR,2024-02-18,266.0,2024-05
V0035,2024-05-13,C0014,P290,LIMA,1.0,597.0,TARJETA,AndinaTech LAPTOP Plus 290,LAPTOP,2489.0,1444.37,Miguel Castillo,TRUJILLO,81.0,REGULAR,2024-04-29,597.0,2024-05
V0036,2024-06-23,C0133,P023,AREQUIPA,10.0,2466.0,EFECTIVO,MaxDigital TABLET Ultra 023,TABLET,813.0,448.76,Marco Rojas,LIMA,66.0,NUEVO,2023-06-01,24660.0,2024-06
V0037,2024-01-21,C0142,P241,AREQUIPA,9.0,2992.0,EFECTIVO,MaxDigital AUDIO Air 241,AUDIO,872.0,507.07,Valeria Castro,SIN REGISTRO,69.0,VIP,2024-08-15,26928.0,2024-01
V0039,2024-05-10,C0184,P009,LIMA,1.0,746.0,EFECTIVO,AndinaTech TABLET Max 009,TABLET,428.0,273.38,Hugo Castro,CUSCO,24.0,REGULAR,2024-12-02,746.0,2024-05
V0040,2024-04-24,C0204,P287,AREQUIPA,4.0,1541.0,TARJETA,MaxDigital MONITOR Plus 287,SIN CATEGORIA,1120.0,617.06,Carmen Ramos,CUSCO,52.0,REGULAR,2024-06-05,6164.0,2024-04
V0041,2024-06-29,C0055,P002,CUSCO,4.0,154.0,TRANSFERENCIA,AndinaTech TABLET Ultra 002,TABLET,900.0,571.3,Andrés Gutiérrez,CUSCO,63.0,REGULAR,2024-07-21,616.0,2024-06
V0042,2024-03-18,C0156,P100,LIMA,8.0,2312.0,TARJETA,PeruPC CELULAR Lite 100,CELULAR,926.0,546.03,Giancarlo Vásquez,SIN REGISTRO,82.0,REGULAR,2024-10-04,18496.0,2024-03
V0043,2024-01-22,C0168,P058,TRUJILLO,5.0,1279.0,TARJETA,AndinaTech LAPTOP Air 058,LAPTOP,3652.0,2127.63,Rosa Rojas,SIN REGISTRO,41.0,REGULAR,2023-12-21,6395.0,2024-01
V0044,2024-03-06,C0128,P079,TRUJILLO,2.0,1493.0,TARJETA,PeruPC AUDIO Plus 079,AUDIO,617.0,374.7,Ximena Rojas,CUSCO,23.0,REGULAR,2024-11-18,2986.0,2024-03
V0045,2024-01-24,C0084,P060,TRUJILLO,4.0,1774.0,TARJETA,TechNova ACCESORIO Lite 060,ACCESORIO,41.0,28.93,Pedro Salazar,CUSCO,27.0,REGULAR,2024-07-31,7096.0,2024-01
V0046,2024-05-27,C0274,P152,TRUJILLO,7.0,638.0,EFECTIVO,MaxDigital ACCESORIO Basic 152,ACCESORIO,91.0,59.64,Cliente 1957,AREQUIPA,41.0,REGULAR,2024-12-26,4466.0,2024-05
V0047,2024-01-09,C0085,P260,LIMA,8.0,726.0,EFECTIVO,MaxDigital AUDIO Plus 260,AUDIO,292.0,201.63,Rosa Rodríguez,AREQUIPA,28.0,REGULAR,2024-12-18,5808.0,2024-01
V0048,2024-04-23,C0053,P114,AREQUIPA,4.0,360.0,TARJETA,TechNova AUDIO Lite 114,AUDIO,899.0,617.72,Gabriela Gutiérrez,AREQUIPA,38.0,VIP,2024-11-03,1440.0,2024-04
V0049,2024-02-08,C0126,P133,AREQUIPA,10.0,1738.0,TRANSFERENCIA,TechNova TABLET Basic 133,TABLET,676.0,415.39,Daniela Castro,AREQUIPA,35.0,VIP,2024-01-15,17380.0,2024-02
V0050,2024-05-16,C0176,P175,LIMA,5.0,193.0,EFECTIVO,TechNova LAPTOP Air 175,LAPTOP,2127.0,1199.61,Rocío Chávez,PIURA,33.0,REGULAR,2023-10-25,965.0,2024-05
V0051,2024-02-02,C0262,P294,LIMA,6.0,547.0,TARJETA,PeruPC LAPTOP Plus 294,LAPTOP,3749.0,2224.64,Óscar Castillo,SIN REGISTRO,18.0,REGULAR,2023-04-24,3282.0,2024-02
V0052,2024-01-25,C0192,P243,LIMA,8.0,1256.0,TRANSFERENCIA,TechNova AUDIO Basic 243,AUDIO,630.0,421.87,Jorge Vargas,PIURA,69.0,REGULAR,2023-10-16,10048.0,2024-01
V0055,2024-04-27,C0220,P195,LIMA,6.0,78.0,TARJETA,TechNova ACCESORIO Basic 195,ACCESORIO,238.0,160.51,Karla Díaz,CHICLAYO,56.0,NUEVO,2024-07-19,468.0,2024-04
V0057,2024-02-22,C0111,P247,LIMA,8.0,2729.0,TARJETA,PeruPC ACCESORIO Plus 247,ACCESORIO,126.0,77.73,Juan Vargas,PIURA,59.0,REGULAR,2023-12-22,21832.0,2024-02
V0058,2024-02-09,C0145,P173,TRUJILLO,9.0,2444.0,EFECTIVO,MaxDigital CELULAR Basic 173,CELULAR,675.0,409.69,Giancarlo Núñez,PIURA,70.0,VIP,2024-04-24,21996.0,2024-02
V0059,2024-01-11,C0163,P116,CUSCO,4.0,1207.0,TARJETA,TechNova AUDIO Lite 116,AUDIO,589.0,365.9,Pedro García,CUSCO,77.0,REGULAR,2024-02-21,4828.0,2024-01
V0061,2024-01-01,C0295,P131,AREQUIPA,8.0,2467.0,TRANSFERENCIA,MaxDigital CELULAR Pro 131,CELULAR,528.0,317.86,Cliente 4511,PIURA,86.0,REGULAR,2024-06-03,19736.0,2024-01
V0062,2024-06-30,C0169,P079,LIMA,2.0,369.0,EFECTIVO,PeruPC AUDIO Plus 079,AUDIO,617.0,374.7,Jorge Castillo,AREQUIPA,63.0,NUEVO,2024-07-06,738.0,2024-06
V0063,2024-06-22,C0169,P224,LIMA,4.0,388.0,TRANSFERENCIA,AndinaTech CELULAR Lite 224,CELULAR,3368.0,1971.78,Jorge Castillo,AREQUIPA,63.0,NUEVO,2024-07-06,1552.0,2024-06
V0065,2024-03-06,C0201,P179,TRUJILLO,4.0,1144.0,EFECTIVO,AndinaTech TABLET Pro 179,TABLET,930.0,573.7,Óscar Chávez,CUSCO,52.0,REGULAR,2023-05-19,4576.0,2024-03
V0066,2024-03-12,C0022,P090,CUSCO,9.0,2119.0,EFECTIVO,AndinaTech MONITOR Ultra 090,MONITOR,859.0,555.91,Daniela Rodríguez,TRUJILLO,73.0,REGULAR,2023-12-29,19071.0,2024-03
V0067,2024-01-13,C0027,P277,AREQUIPA,4.0,1676.0,TARJETA,AndinaTech CELULAR Ultra 277,CELULAR,837.0,480.21,Alejandra Chávez,CHICLAYO,43.0,NUEVO,2024-03-17,6704.0,2024-01
V0068,2024-05-30,C0186,P070,AREQUIPA,7.0,2050.0,EFECTIVO,PeruPC LAPTOP Air 070,LAPTOP,2590.0,1659.76,Alejandra Castro,PIURA,61.0,REGULAR,2024-04-11,14350.0,2024-05
V0069,2024-06-30,C0280,P191,AREQUIPA,1.0,1458.0,TARJETA,PeruPC AUDIO Air 191,AUDIO,601.0,425.35,Cliente 2108,AREQUIPA,47.0,REGULAR,2023-10-02,1458.0,2024-06
V0070,2024-04-13,C0109,P142,CUSCO,9.0,681.0,TARJETA,PeruPC AUDIO Ultra 142,AUDIO,568.0,329.64,Raúl Rodríguez,CUSCO,58.0,NUEVO,2024-11-26,6129.0,2024-04
V0071,2024-03-27,C0320,P071,TRUJILLO,9.0,1591.0,TARJETA,TechNova AUDIO Basic 071,AUDIO,524.0,328.89,Cliente 1078,AREQUIPA,28.0,NUEVO,2023-07-10,14319.0,2024-03
V0072,2024-04-20,C0153,P208,LIMA,4.0,2342.0,EFECTIVO,MaxDigital CELULAR Basic 208,SIN CATEGORIA,3255.0,1972.9,Ximena Gutiérrez,PIURA,38.0,REGULAR,2024-05-24,9368.0,2024-04
V0073,2024-05-15,C0311,P068,CUSCO,6.0,2432.0,TARJETA,TechNova LAPTOP Max 068,LAPTOP,2980.0,1813.42,Cliente 3648,LIMA,25.0,REGULAR,2024-11-11,14592.0,2024-05
V0074,2024-02-20,C0006,P213,TRUJILLO,3.0,2790.0,TRANSFERENCIA,AndinaTech ACCESORIO Max 213,ACCESORIO,138.0,84.75,Luis Castillo,LIMA,87.0,VIP,2023-06-15,8370.0,2024-02
V0075,2024-03-18,C0011,P182,AREQUIPA,8.0,847.0,SIN REGISTRO,MaxDigital CELULAR Lite 182,CELULAR,645.0,426.07,Sergio Vásquez,CUSCO,29.0,NUEVO,2024-03-16,6776.0,2024-03
V0078,2024-02-26,C0017,P283,CUSCO,1.0,997.0,TRANSFERENCIA,PeruPC ACCESORIO Max 283,ACCESORIO,152.0,91.35,Karla Vásquez,CUSCO,34.0,REGULAR,2024-01-12,997.0,2024-02
V0079,2024-05-19,C0060,P193,LIMA,1.0,578.0,TRANSFERENCIA,MaxDigital TABLET Plus 193,TABLET,824.0,514.09,Raúl Vargas,AREQUIPA,40.0,NUEVO,2024-02-05,578.0,2024-05
V0080,2024-05-23,C0011,P212,AREQUIPA,6.0,714.0,TRANSFERENCIA,MaxDigital CELULAR Lite 212,CELULAR,2688.0,1844.4,Sergio Vásquez,CUSCO,29.0,NUEVO,2024-03-16,4284.0,2024-05
V0081,2024-05-26,C0289,P167,TRUJILLO,2.0,2780.0,EFECTIVO,TechNova CELULAR Plus 167,CELULAR,2160.0,1432.32,Cliente 5119,SIN REGISTRO,88.0,NUEVO,2024-11-04,5560.0,2024-05
V0082,2024-03-14,C0260,P193,CUSCO,7.0,2826.0,TARJETA,MaxDigital TABLET Plus 193,TABLET,824.0,514.09,Gabriela Quispe,PIURA,51.0,NUEVO,2023-06-07,19782.0,2024-03
V0083,2024-03-03,C0235,P088,AREQUIPA,6.0,2533.0,TARJETA,TechNova ACCESORIO Neo 088,ACCESORIO,39.0,21.84,Sofía Aguilar,TRUJILLO,82.0,REGULAR,2024-06-04,15198.0,2024-03
V0084,2024-02-13,C0125,P151,AREQUIPA,5.0,1537.0,TRANSFERENCIA,AndinaTech CELULAR Lite 151,CELULAR,3036.0,2045.18,Alberto Castro,AREQUIPA,70.0,REGULAR,2023-05-25,7685.0,2024-02
V0085,2024-02-20,C0301,P005,AREQUIPA,10.0,2761.0,TRANSFERENCIA,AndinaTech AUDIO Ultra 005,AUDIO,497.0,324.89,Cliente 5404,CHICLAYO,53.0,VIP,2024-08-01,27610.0,2024-02
V0086,2024-04-08,C0190,P092,CUSCO,9.0,1755.0,EFECTIVO,AndinaTech AUDIO Neo 092,AUDIO,323.0,212.71,Alejandra Castillo,TRUJILLO,61.0,NUEVO,2023-08-24,15795.0,2024-04
V0087,2024-01-16,C0157,P298,AREQUIPA,10.0,1811.0,TRANSFERENCIA,TechNova MONITOR Basic 298,MONITOR,977.0,614.27,Valeria Ramos,CHICLAYO,69.0,REGULAR,2023-03-21,18110.0,2024-01
V0088,2024-02-12,C0270,P086,CUSCO,1.0,981.0,EFECTIVO,AndinaTech TABLET Basic 086,TABLET,408.0,248.48,Sergio Espinoza,PIURA,85.0,REGULAR,2024-05-11,981.0,2024-02
V0089,2024-05-16,C0006,P142,TRUJILLO,1.0,2833.0,EFECTIVO,PeruPC AUDIO Ultra 142,AUDIO,568.0,329.64,Luis Castillo,LIMA,87.0,VIP,2023-06-15,2833.0,2024-05
V0090,2024-06-08,C0305,P166,TRUJILLO,7.0,602.0,TRANSFERENCIA,PeruPC ACCESORIO Plus 166,ACCESORIO,218.0,126.77,Cliente 8965,PIURA,84.0,VIP,2023-06-30,4214.0,2024-06
V0091,2024-02-14,C0103,P192,AREQUIPA,6.0,1666.0,EFECTIVO,TechNova CELULAR Basic 192,CELULAR,2605.0,1519.6,Ximena Salazar,CHICLAYO,28.0,REGULAR,2024-06-07,9996.0,2024-02
V0092,2024-01-18,C0123,P005,TRUJILLO,8.0,2451.0,EFECTIVO,AndinaTech AUDIO Ultra 005,AUDIO,497.0,324.89,Milagros Flores,PIURA,23.0,VIP,2023-04-27,19608.0,2024-01
V0093,2024-04-27,C0179,P101,AREQUIPA,8.0,2925.0,EFECTIVO,MaxDigital MONITOR Pro 101,MONITOR,1175.0,774.65,Miguel Paredes,CUSCO,41.0,REGULAR,2023-06-22,23400.0,2024-04
V0094,2024-01-22,C0115,P272,AREQUIPA,7.0,1740.0,TARJETA,AndinaTech AUDIO Neo 272,AUDIO,822.0,584.71,Gabriela Chávez,PIURA,22.0,REGULAR,2024-09-14,12180.0,2024-01
V0095,2024-02-15,C0230,P138,AREQUIPA,5.0,2892.0,TARJETA,AndinaTech TABLET Neo 138,TABLET,621.0,394.6,Renzo Ramos,CHICLAYO,25.0,REGULAR,2023-08-10,14460.0,2024-02
V0096,2024-05-12,C0146,P236,CUSCO,9.0,2452.0,TARJETA,PeruPC MONITOR Neo 236,MONITOR,840.0,530.58,Camila Rodríguez,CHICLAYO,71.0,VIP,2024-06-02,22068.0,2024-05
V0098,2024-05-30,C0219,P027,LIMA,6.0,2487.0,EFECTIVO,PeruPC CELULAR Neo 027,CELULAR,2485.0,1537.99,Alejandra Medina,CUSCO,19.0,VIP,2024-11-02,14922.0,2024-05
V0099,2024-05-06,C0205,P080,LIMA,10.0,759.0,TARJETA,PeruPC ACCESORIO Basic 080,ACCESORIO,55.0,37.99,Walter Chávez,SIN REGISTRO,52.0,NUEVO,2024-09-12,7590.0,2024-05
V0100,2024-03-01,C0232,P243,LIMA,6.0,547.0,TRANSFERENCIA,TechNova AUDIO Basic 243,AUDIO,630.0,421.87,María Rojas,TRUJILLO,52.0,REGULAR,2024-02-14,3282.0,2024-03
V0101,2024-01-28,C0112,P179,LIMA,2.0,982.0,EFECTIVO,AndinaTech TABLET Pro 179,TABLET,930.0,573.7,Renzo Paredes,AREQUIPA,39.0,NUEVO,2023-10-01,1964.0,2024-01
V0102,2024-03-31,C0201,P010,LIMA,1.0,387.0,EFECTIVO,TechNova LAPTOP Pro 010,LAPTOP,2954.0,1918.52,Óscar Chávez,CUSCO,52.0,REGULAR,2023-05-19,387.0,2024-03
V0103,2024-05-10,C0115,P235,CUSCO,8.0,2158.0,EFECTIVO,AndinaTech TABLET Lite 235,TABLET,741.0,455.41,Gabriela Chávez,PIURA,22.0,REGULAR,2024-09-14,17264.0,2024-05
V0104,2024-01-10,C0225,P283,TRUJILLO,3.0,697.0,EFECTIVO,PeruPC ACCESORIO Max 283,ACCESORIO,152.0,91.35,Mónica Quispe,CUSCO,75.0,REGULAR,2023-11-05,2091.0,2024-01
V0105,2024-01-16,C0298,P212,CUSCO,4.0,2259.0,EFECTIVO,MaxDigital CELULAR Lite 212,CELULAR,2688.0,1844.4,Cliente 9717,CUSCO,35.0,NUEVO,2024-12-13,9036.0,2024-01
V0106,2024-05-12,C0171,P125,LIMA,6.0,1551.0,EFECTIVO,PeruPC TABLET Ultra 125,TABLET,1011.0,562.74,Ana Flores,CHICLAYO,55.0,VIP,2023-04-12,9306.0,2024-05
V0108,2024-05-23,C0236,P141,AREQUIPA,2.0,376.0,TRANSFERENCIA,TechNova CELULAR Air 141,CELULAR,3345.0,2112.7,Mónica Castro,TRUJILLO,37.0,NUEVO,2024-05-14,752.0,2024-05
V0109,2024-02-18,C0101,P251,CUSCO,9.0,2333.0,EFECTIVO,PeruPC LAPTOP Pro 251,LAPTOP,3550.0,2492.72,Pedro Ramos,CHICLAYO,61.0,REGULAR,2024-11-20,20997.0,2024-02
V0111,2024-02-27,C0061,P097,CUSCO,1.0,2316.0,EFECTIVO,AndinaTech AUDIO Air 097,AUDIO,86.0,54.15,Óscar Vargas,CUSCO,54.0,VIP,2024-02-13,2316.0,2024-02
V0112,2024-03-12,C0050,P142,TRUJILLO,9.0,1140.0,TARJETA,PeruPC AUDIO Ultra 142,AUDIO,568.0,329.64,Fiorella Díaz,CHICLAYO,42.0,REGULAR,2024-01-12,10260.0,2024-03
V0114,2024-03-07,C0154,P202,LIMA,3.0,2024.0,TRANSFERENCIA,AndinaTech CELULAR Max 202,CELULAR,1200.0,827.48,Lucía Rojas,TRUJILLO,37.0,NUEVO,2024-10-06,6072.0,2024-03
V0115,2024-03-26,C0315,P132,LIMA,1.0,1829.0,TARJETA,TechNova TABLET Neo 132,TABLET,760.0,469.69,Cliente 9936,CUSCO,36.0,REGULAR,2023-01-20,1829.0,2024-03
V0116,2024-03-17,C0087,P224,CUSCO,4.0,842.0,EFECTIVO,AndinaTech CELULAR Lite 224,CELULAR,3368.0,1971.78,Daniela Quispe,SIN REGISTRO,28.0,REGULAR,2023-12-15,3368.0,2024-03
V0117,2024-05-10,C0019,P225,LIMA,7.0,2614.0,EFECTIVO,MaxDigital LAPTOP Lite 225,LAPTOP,3895.0,2590.84,Hugo Aguilar,LIMA,87.0,REGULAR,2023-09-09,18298.0,2024-05
V0118,2024-04-18,C0209,P143,AREQUIPA,4.0,748.0,EFECTIVO,PeruPC LAPTOP Plus 143,LAPTOP,3714.0,2131.58,Hugo Quispe,TRUJILLO,55.0,REGULAR,2024-05-05,2992.0,2024-04
V0119,2024-05-16,C0098,P080,TRUJILLO,6.0,2699.0,EFECTIVO,PeruPC ACCESORIO Basic 080,ACCESORIO,55.0,37.99,Óscar Gutiérrez,AREQUIPA,48.0,REGULAR,2024-10-17,16194.0,2024-05
V0120,2024-02-09,C0024,P219,TRUJILLO,7.0,1990.0,EFECTIVO,PeruPC TABLET Neo 219,TABLET,734.0,451.67,Camila Vargas,CUSCO,39.0,NUEVO,2024-12-28,13930.0,2024-02
V0122,2024-01-28,C0238,P093,AREQUIPA,4.0,2667.0,EFECTIVO,TechNova ACCESORIO Neo 093,ACCESORIO,222.0,136.72,Ana García,LIMA,58.0,REGULAR,2023-08-12,10668.0,2024-01
V0123,2024-01-14,C0297,P252,CUSCO,8.0,306.0,TARJETA,PeruPC TABLET Basic 252,TABLET,909.0,591.78,Cliente 1359,AREQUIPA,79.0,REGULAR,2023-12-25,2448.0,2024-01
V0124,2024-06-27,C0174,P108,TRUJILLO,3.0,2486.0,EFECTIVO,MaxDigital TABLET Basic 108,TABLET,1016.0,577.83,Renzo García,TRUJILLO,46.0,VIP,2024-12-06,7458.0,2024-06
V0125,2024-03-01,C0103,P088,TRUJILLO,2.0,2005.0,TARJETA,TechNova ACCESORIO Neo 088,ACCESORIO,39.0,21.84,Ximena Salazar,CHICLAYO,28.0,REGULAR,2024-06-07,4010.0,2024-03
V0126,2024-02-16,C0226,P189,LIMA,5.0,1049.0,EFECTIVO,MaxDigital CELULAR Neo 189,CELULAR,2245.0,1481.27,Fernando Chávez,TRUJILLO,55.0,NUEVO,2024-07-28,5245.0,2024-02
V0127,2024-06-16,C0271,P293,CUSCO,5.0,2983.0,EFECTIVO,MaxDigital ACCESORIO Basic 293,ACCESORIO,41.0,24.94,Cliente 6637,AREQUIPA,48.0,VIP,2023-04-04,14915.0,2024-06
V0128,2024-01-01,C0218,P029,AREQUIPA,2.0,106.0,EFECTIVO,AndinaTech CELULAR Lite 029,CELULAR,1613.0,915.33,Estefanía Medina,TRUJILLO,31.0,REGULAR,2024-04-12,212.0,2024-01
V0129,2024-01-22,C0027,P147,TRUJILLO,5.0,2930.0,EFECTIVO,AndinaTech MONITOR Pro 147,MONITOR,935.0,610.72,Alejandra Chávez,CHICLAYO,43.0,NUEVO,2024-03-17,14650.0,2024-01
V0130,2024-02-20,C0023,P179,AREQUIPA,10.0,2640.0,TRANSFERENCIA,AndinaTech TABLET Pro 179,TABLET,930.0,573.7,Rosa Salazar,PIURA,54.0,NUEVO,2024-06-06,26400.0,2024-02
V0131,2024-05-16,C0291,P082,LIMA,4.0,392.0,TRANSFERENCIA,AndinaTech ACCESORIO Plus 082,ACCESORIO,109.0,63.3,Cliente 6579,CUSCO,88.0,NUEVO,2024-11-04,1568.0,2024-05
V0132,2024-05-14,C0201,P297,TRUJILLO,4.0,1086.0,EFECTIVO,AndinaTech ACCESORIO Max 297,ACCESORIO,184.0,131.01,Óscar Chávez,CUSCO,52.0,REGULAR,2023-05-19,4344.0,2024-05
V0133,2024-03-28,C0251,P215,LIMA,5.0,123.0,EFECTIVO,AndinaTech CELULAR Neo 215,CELULAR,715.0,402.04,Pedro Flores,PIURA,79.0,NUEVO,2023-04-10,615.0,2024-03
V0136,2024-06-09,C0106,P266,CUSCO,6.0,480.0,TRANSFERENCIA,PeruPC ACCESORIO Neo 266,ACCESORIO,175.0,122.77,Pedro Quispe,TRUJILLO,35.0,REGULAR,2024-05-27,2880.0,2024-06
V0137,2024-01-11,C0068,P001,CUSCO,5.0,2063.0,EFECTIVO,PeruPC AUDIO Basic 001,AUDIO,864.0,512.07,César García,SIN REGISTRO,58.0,REGULAR,2024-11-27,10315.0,2024-01
V0138,2024-04-03,C0230,P268,LIMA,6.0,107.0,TARJETA,AndinaTech CELULAR Pro 268,CELULAR,1554.0,1034.5,Renzo Ramos,CHICLAYO,25.0,REGULAR,2023-08-10,642.0,2024-04
V0139,2024-03-24,C0212,P283,CUSCO,3.0,2827.0,TRANSFERENCIA,PeruPC ACCESORIO Max 283,ACCESORIO,152.0,91.35,Juan Flores,AREQUIPA,18.0,VIP,2024-05-31,8481.0,2024-03
V0140,2024-05-10,C0286,P213,LIMA,4.0,1512.0,TARJETA,AndinaTech ACCESORIO Max 213,ACCESORIO,138.0,84.75,Cliente 6276,CHICLAYO,42.0,NUEVO,2023-05-26,6048.0,2024-05
V0141,2024-01-22,C0276,P140,TRUJILLO,1.0,1301.0,EFECTIVO,TechNova CELULAR Air 140,CELULAR,880.0,498.42,Cliente 6589,PIURA,43.0,REGULAR,2023-02-06,1301.0,2024-01
V0142,2024-05-26,C0055,P269,TRUJILLO,6.0,835.0,TARJETA,MaxDigital MONITOR Pro 269,MONITOR,577.0,327.82,Andrés Gutiérrez,CUSCO,63.0,REGULAR,2024-07-21,5010.0,2024-05
V0143,2024-01-20,C0164,P084,LIMA,1.0,1269.0,EFECTIVO,MaxDigital TABLET Plus 084,TABLET,940.0,657.82,Rosa Díaz,LIMA,44.0,VIP,2024-11-15,1269.0,2024-01
V0144,2024-01-05,C0267,P258,TRUJILLO,2.0,2216.0,EFECTIVO,MaxDigital LAPTOP Plus 258,SIN CATEGORIA,862.0,1989.58,Patricia Vásquez,PIURA,67.0,REGULAR,2023-12-06,4432.0,2024-01
V0146,2024-02-18,C0174,P235,TRUJILLO,2.0,86.0,EFECTIVO,AndinaTech TABLET Lite 235,TABLET,741.0,455.41,Renzo García,TRUJILLO,46.0,VIP,2024-12-06,172.0,2024-02
V0147,2024-05-21,C0258,P066,TRUJILLO,4.0,2769.0,TARJETA,AndinaTech ACCESORIO Air 066,ACCESORIO,232.0,157.87,Fernando Díaz,LIMA,76.0,VIP,2024-01-16,11076.0,2024-05
V0148,2024-05-18,C0110,P199,TRUJILLO,10.0,76.0,EFECTIVO,MaxDigital AUDIO Max 199,AUDIO,490.0,323.0,Andrés Vásquez,LIMA,73.0,REGULAR,2023-01-22,760.0,2024-05
V0149,2024-02-12,C0206,P005,CUSCO,9.0,1883.0,TARJETA,AndinaTech AUDIO Ultra 005,AUDIO,497.0,324.89,Andrés Castillo,PIURA,36.0,REGULAR,2024-10-23,16947.0,2024-02
V0152,2024-01-03,C0114,P082,LIMA,5.0,1272.0,TRANSFERENCIA,AndinaTech ACCESORIO Plus 082,ACCESORIO,109.0,63.3,Carlos Flores,TRUJILLO,40.0,REGULAR,2024-01-28,6360.0,2024-01
V0153,2024-04-26,C0240,P110,AREQUIPA,5.0,696.0,EFECTIVO,MaxDigital TABLET Lite 110,TABLET,1192.0,729.35,María Quispe,CUSCO,69.0,REGULAR,2023-04-24,3480.0,2024-04
V0154,2024-01-08,C0166,P128,AREQUIPA,1.0,2474.0,TRANSFERENCIA,PeruPC LAPTOP Plus 128,LAPTOP,3499.0,2131.99,Fiorella Torres,LIMA,69.0,REGULAR,2023-08-18,2474.0,2024-01
V0155,2024-05-07,C0248,P109,TRUJILLO,4.0,119.0,TRANSFERENCIA,PeruPC TABLET Basic 109,TABLET,860.0,517.68,Sergio Castillo,CUSCO,49.0,NUEVO,2023-08-27,476.0,2024-05
V0156,2024-03-10,C0302,P207,CUSCO,10.0,2576.0,EFECTIVO,TechNova LAPTOP Lite 207,LAPTOP,3703.0,2473.25,Cliente 9694,TRUJILLO,56.0,VIP,2023-04-23,25760.0,2024-03
V0157,2024-02-06,C0115,P074,AREQUIPA,4.0,2048.0,EFECTIVO,TechNova AUDIO Pro 074,AUDIO,697.0,424.24,Gabriela Chávez,PIURA,22.0,REGULAR,2024-09-14,8192.0,2024-02
V0158,2024-04-22,C0069,P232,TRUJILLO,6.0,764.0,EFECTIVO,TechNova MONITOR Ultra 232,MONITOR,753.0,487.06,Alejandra Vásquez,CUSCO,40.0,NUEVO,2023-07-28,4584.0,2024-04
V0159,2024-05-19,C0317,P262,CUSCO,7.0,1861.0,EFECTIVO,PeruPC AUDIO Air 262,AUDIO,719.0,491.06,Cliente 3191,CHICLAYO,72.0,REGULAR,2023-12-18,13027.0,2024-05
V0160,2024-04-04,C0173,P294,TRUJILLO,8.0,671.0,TARJETA,PeruPC LAPTOP Plus 294,LAPTOP,3749.0,2224.64,Gabriela Rodríguez,TRUJILLO,32.0,REGULAR,2024-09-15,5368.0,2024-04
V0161,2024-06-03,C0289,P044,TRUJILLO,4.0,2142.0,EFECTIVO,PeruPC CELULAR Max 044,CELULAR,1397.0,929.44,Cliente 5119,SIN REGISTRO,88.0,NUEVO,2024-11-04,8568.0,2024-06
V0162,2024-04-22,C0039,P094,CUSCO,3.0,1641.0,EFECTIVO,MaxDigital LAPTOP Pro 094,LAPTOP,1870.0,1143.16,Walter Gutiérrez,CUSCO,55.0,NUEVO,2024-12-21,4923.0,2024-04
V0163,2024-02-28,C0066,P186,AREQUIPA,2.0,1825.0,TRANSFERENCIA,TechNova MONITOR Plus 186,MONITOR,557.0,308.26,Marco Chávez,PIURA,50.0,VIP,2024-11-05,3650.0,2024-02
V0164,2024-05-29,C0124,P157,TRUJILLO,7.0,2566.0,TARJETA,TechNova TABLET Ultra 157,TABLET,564.0,369.06,Jorge Rojas,CUSCO,84.0,VIP,2023-10-03,17962.0,2024-05
V0165,2024-02-12,C0072,P074,TRUJILLO,1.0,293.0,TRANSFERENCIA,TechNova AUDIO Pro 074,AUDIO,697.0,424.24,Diego Salazar,CHICLAYO,83.0,NUEVO,2024-01-01,293.0,2024-02
V0166,2024-02-28,C0004,P018,AREQUIPA,7.0,2875.0,TRANSFERENCIA,TechNova CELULAR Basic 018,CELULAR,1812.0,1180.11,Gabriela Torres,CUSCO,20.0,REGULAR,2023-10-17,20125.0,2024-02
V0167,2024-05-07,C0282,P288,AREQUIPA,10.0,2304.0,EFECTIVO,PeruPC CELULAR Max 288,CELULAR,3437.0,1932.61,Cliente 7071,LIMA,86.0,REGULAR,2023-06-19,23040.0,2024-05
V0168,2024-06-29,C0316,P003,CUSCO,10.0,2612.0,TARJETA,TechNova MONITOR Pro 003,MONITOR,538.0,369.12,Cliente 6122,SIN REGISTRO,55.0,REGULAR,2024-06-06,26120.0,2024-06
V0169,2024-02-23,C0177,P149,CUSCO,10.0,721.0,EFECTIVO,AndinaTech CELULAR Plus 149,CELULAR,3286.0,1848.95,Ximena Quispe,TRUJILLO,78.0,NUEVO,2023-04-03,7210.0,2024-02
V0170,2024-03-21,C0205,P198,TRUJILLO,5.0,2024.0,EFECTIVO,PeruPC LAPTOP Air 198,LAPTOP,1925.0,1187.42,Walter Chávez,SIN REGISTRO,52.0,NUEVO,2024-09-12,10120.0,2024-03
V0171,2024-06-30,C0224,P064,TRUJILLO,1.0,1569.0,EFECTIVO,TechNova LAPTOP Pro 064,LAPTOP,2515.0,1759.98,Óscar Núñez,CHICLAYO,45.0,NUEVO,2024-07-26,1569.0,2024-06
V0172,2024-06-13,C0079,P233,LIMA,4.0,2870.0,EFECTIVO,PeruPC TABLET Max 233,TABLET,628.0,434.52,Rocío Quispe,AREQUIPA,28.0,REGULAR,2023-11-15,11480.0,2024-06
V0173,2024-03-04,C0030,P255,CUSCO,1.0,493.0,EFECTIVO,MaxDigital LAPTOP Air 255,LAPTOP,2380.0,1553.43,Carlos Díaz,AREQUIPA,39.0,NUEVO,2023-03-11,493.0,2024-03
V0174,2024-06-24,C0085,P185,TRUJILLO,6.0,963.0,TRANSFERENCIA,TechNova LAPTOP Basic 185,LAPTOP,4342.0,3016.89,Rosa Rodríguez,AREQUIPA,28.0,REGULAR,2024-12-18,5778.0,2024-06
V0175,2024-04-12,C0038,P214,LIMA,1.0,2356.0,TRANSFERENCIA,TechNova AUDIO Plus 214,AUDIO,212.0,121.45,Jorge Castro,LIMA,70.0,REGULAR,2024-12-11,2356.0,2024-04
V0176,2024-01-23,C0277,P054,TRUJILLO,2.0,1215.0,EFECTIVO,PeruPC AUDIO Max 054,AUDIO,689.0,433.56,Cliente 9440,PIURA,55.0,REGULAR,2024-04-08,2430.0,2024-01
V0177,2024-02-08,C0059,P196,TRUJILLO,4.0,2515.0,EFECTIVO,PeruPC AUDIO Air 196,AUDIO,393.0,265.28,Karla Vargas,CUSCO,77.0,VIP,2024-10-01,10060.0,2024-02
V0178,2024-01-04,C0166,P188,CUSCO,5.0,439.0,TARJETA,MaxDigital LAPTOP Pro 188,LAPTOP,2425.0,1679.24,Fiorella Torres,LIMA,69.0,REGULAR,2023-08-18,2195.0,2024-01
V0179,2024-04-13,C0170,P094,AREQUIPA,5.0,1459.0,TRANSFERENCIA,MaxDigital LAPTOP Pro 094,LAPTOP,1870.0,1143.16,Ana Vásquez,CHICLAYO,65.0,NUEVO,2024-03-07,7295.0,2024-04
V0180,2024-03-02,C0118,P004,TRUJILLO,6.0,1645.0,TARJETA,TechNova TABLET Lite 004,TABLET,693.0,445.91,Juan Quispe,CUSCO,65.0,REGULAR,2023-08-21,9870.0,2024-03
V0181,2024-01-25,C0288,P277,AREQUIPA,5.0,1805.0,TARJETA,AndinaTech CELULAR Ultra 277,CELULAR,837.0,480.21,Cliente 2619,TRUJILLO,88.0,REGULAR,2023-11-25,9025.0,2024-01
V0182,2024-03-15,C0125,P206,LIMA,3.0,438.0,TARJETA,PeruPC ACCESORIO Lite 206,ACCESORIO,131.0,89.43,Alberto Castro,AREQUIPA,70.0,REGULAR,2023-05-25,1314.0,2024-03
V0183,2024-04-02,C0001,P072,AREQUIPA,1.0,2748.0,TRANSFERENCIA,PeruPC TABLET Pro 072,TABLET,968.0,554.03,Giancarlo Castillo,AREQUIPA,55.0,VIP,2023-11-08,2748.0,2024-04
V0185,2024-06-16,C0293,P117,LIMA,1.0,1021.0,TARJETA,TechNova TABLET Ultra 117,TABLET,1155.0,720.1,Cliente 6084,LIMA,25.0,VIP,2023-03-14,1021.0,2024-06
V0186,2024-01-30,C0102,P105,CUSCO,3.0,1107.0,TARJETA,TechNova AUDIO Basic 105,AUDIO,838.0,534.13,Ximena Torres,LIMA,38.0,REGULAR,2023-09-14,3321.0,2024-01
V0187,2024-04-29,C0080,P037,LIMA,8.0,168.0,TARJETA,MaxDigital TABLET Air 037,TABLET,345.0,240.63,César Rojas,CHICLAYO,65.0,REGULAR,2023-03-07,1344.0,2024-04
V0188,2024-03-16,C0141,P105,AREQUIPA,9.0,2062.0,TRANSFERENCIA,TechNova AUDIO Basic 105,AUDIO,838.0,534.13,Patricia Chávez,LIMA,52.0,VIP,2023-09-07,18558.0,2024-03
V0189,2024-02-18,C0070,P136,TRUJILLO,7.0,1093.0,TRANSFERENCIA,AndinaTech TABLET Plus 136,SIN CATEGORIA,630.0,443.96,Ximena Díaz,TRUJILLO,21.0,VIP,2024-12-07,7651.0,2024-02
V0190,2024-06-22,C0249,P201,TRUJILLO,7.0,2554.0,TRANSFERENCIA,MaxDigital AUDIO Pro 201,AUDIO,324.0,188.78,Óscar Espinoza,AREQUIPA,59.0,REGULAR,2023-01-17,17878.0,2024-06
V0191,2024-01-01,C0158,P133,CUSCO,2.0,1652.0,TARJETA,TechNova TABLET Basic 133,TABLET,676.0,415.39,Adriana Flores,SIN REGISTRO,85.0,REGULAR,2023-01-23,3304.0,2024-01
V0192,2024-05-24,C0193,P018,LIMA,1.0,2814.0,TARJETA,TechNova CELULAR Basic 018,CELULAR,1812.0,1180.11,Daniela Gutiérrez,LIMA,36.0,NUEVO,2024-11-26,2814.0,2024-05
V0193,2024-04-10,C0054,P203,TRUJILLO,6.0,2770.0,SIN REGISTRO,AndinaTech MONITOR Neo 203,MONITOR,677.0,438.3,Andrés Vargas,PIURA,56.0,REGULAR,2024-02-18,16620.0,2024-04
V0195,2024-03-31,C0017,P270,LIMA,9.0,663.0,TARJETA,PeruPC AUDIO Ultra 270,AUDIO,175.0,107.36,Karla Vásquez,CUSCO,34.0,REGULAR,2024-01-12,5967.0,2024-03
V0196,2024-01-06,C0210,P226,AREQUIPA,2.0,2357.0,TARJETA,TechNova AUDIO Air 226,AUDIO,224.0,138.74,Jorge Gutiérrez,LIMA,71.0,REGULAR,2024-09-18,4714.0,2024-01
V0197,2024-02-08,C0242,P194,CUSCO,6.0,452.0,EFECTIVO,MaxDigital TABLET Lite 194,TABLET,862.0,637.02,Giancarlo Salazar,PIURA,54.0,REGULAR,2023-11-05,2712.0,2024-02
V0198,2024-03-19,C0051,P253,AREQUIPA,1.0,2709.0,TARJETA,AndinaTech TABLET Basic 253,TABLET,520.0,365.67,Diego Vásquez,AREQUIPA,58.0,VIP,2024-09-09,2709.0,2024-03
V0199,2024-01-07,C0316,P183,TRUJILLO,10.0,301.0,EFECTIVO,PeruPC LAPTOP Basic 183,LAPTOP,3371.0,2320.07,Cliente 6122,SIN REGISTRO,55.0,REGULAR,2024-06-06,3010.0,2024-01
V0200,2024-03-09,C0034,P191,CUSCO,6.0,2313.0,TARJETA,PeruPC AUDIO Air 191,AUDIO,601.0,425.35,Giancarlo Ramos,AREQUIPA,63.0,NUEVO,2024-12-18,13878.0,2024-03
V0201,2024-01-07,C0309,P091,CUSCO,2.0,2556.0,TARJETA,AndinaTech TABLET Plus 091,TABLET,394.0,270.97,Cliente 5639,AREQUIPA,79.0,NUEVO,2023-09-09,5112.0,2024-01
V0202,2024-01-20,C0270,P025,TRUJILLO,10.0,1501.0,EFECTIVO,PeruPC AUDIO Neo 025,AUDIO,867.0,592.48,Sergio Espinoza,PIURA,85.0,REGULAR,2024-05-11,15010.0,2024-01
V0204,2024-03-05,C0081,P240,CUSCO,4.0,2609.0,EFECTIVO,TechNova LAPTOP Air 240,LAPTOP,3967.0,2432.01,Andrés Chávez,PIURA,86.0,VIP,2023-10-27,10436.0,2024-03
V0205,2024-05-30,C0129,P144,TRUJILLO,8.0,186.0,EFECTIVO,AndinaTech CELULAR Max 144,CELULAR,586.0,390.56,Estefanía Espinoza,CUSCO,68.0,REGULAR,2024-10-07,1488.0,2024-05
V0206,2024-06-08,C0109,P049,LIMA,1.0,1304.0,TARJETA,MaxDigital ACCESORIO Lite 049,ACCESORIO,179.0,108.58,Raúl Rodríguez,CUSCO,58.0,NUEVO,2024-11-26,1304.0,2024-06
V0207,2024-03-20,C0301,P111,TRUJILLO,7.0,1193.0,EFECTIVO,TechNova LAPTOP Max 111,LAPTOP,1921.0,1324.48,Cliente 5404,CHICLAYO,53.0,VIP,2024-08-01,8351.0,2024-03
V0208,2024-02-17,C0082,P201,AREQUIPA,2.0,1994.0,TARJETA,MaxDigital AUDIO Pro 201,AUDIO,324.0,188.78,Alejandra Aguilar,CUSCO,27.0,VIP,2024-02-24,3988.0,2024-02
V0209,2024-01-29,C0115,P166,TRUJILLO,9.0,645.0,TARJETA,PeruPC ACCESORIO Plus 166,ACCESORIO,218.0,126.77,Gabriela Chávez,PIURA,22.0,REGULAR,2024-09-14,5805.0,2024-01
V0210,2024-06-07,C0078,P277,CUSCO,2.0,639.0,EFECTIVO,AndinaTech CELULAR Ultra 277,CELULAR,837.0,480.21,Alejandra Ramos,TRUJILLO,40.0,REGULAR,2024-05-19,1278.0,2024-06
V0211,2024-06-25,C0128,P224,CUSCO,4.0,840.0,TARJETA,AndinaTech CELULAR Lite 224,CELULAR,3368.0,1971.78,Ximena Rojas,CUSCO,23.0,REGULAR,2024-11-18,3360.0,2024-06
V0212,2024-04-21,C0219,P257,AREQUIPA,2.0,2037.0,TRANSFERENCIA,PeruPC CELULAR Pro 257,CELULAR,1369.0,899.74,Alejandra Medina,CUSCO,19.0,VIP,2024-11-02,4074.0,2024-04
V0213,2024-03-30,C0091,P147,TRUJILLO,5.0,409.0,TARJETA,AndinaTech MONITOR Pro 147,MONITOR,935.0,610.72,Karla Núñez,PIURA,58.0,VIP,2024-01-09,2045.0,2024-03
V0214,2024-04-05,C0015,P274,TRUJILLO,6.0,1650.0,TRANSFERENCIA,MaxDigital LAPTOP Plus 274,LAPTOP,2266.0,1456.24,Renzo Gutiérrez,LIMA,85.0,REGULAR,2024-09-22,9900.0,2024-04
V0215,2024-05-02,C0240,P028,CUSCO,6.0,2666.0,TARJETA,AndinaTech MONITOR Air 028,MONITOR,488.0,294.26,María Quispe,CUSCO,69.0,REGULAR,2023-04-24,15996.0,2024-05
V0216,2024-06-23,C0245,P006,LIMA,5.0,2170.0,TRANSFERENCIA,TechNova ACCESORIO Max 006,ACCESORIO,210.0,135.89,Diego Quispe,SIN REGISTRO,24.0,REGULAR,2024-03-19,10850.0,2024-06
V0217,2024-05-11,C0246,P300,TRUJILLO,8.0,303.0,TARJETA,AndinaTech MONITOR Pro 300,MONITOR,862.0,344.57,Carmen Castillo,CHICLAYO,38.0,REGULAR,2024-09-21,2424.0,2024-05
V0218,2024-06-02,C0089,P213,TRUJILLO,7.0,85.0,TARJETA,AndinaTech ACCESORIO Max 213,ACCESORIO,138.0,84.75,Marco Núñez,CUSCO,50.0,VIP,2023-02-24,595.0,2024-06
V0219,2024-03-06,C0035,P206,CUSCO,3.0,1970.0,TARJETA,PeruPC ACCESORIO Lite 206,ACCESORIO,131.0,89.43,Giancarlo Torres,AREQUIPA,44.0,REGULAR,2024-11-05,5910.0,2024-03
V0220,2024-04-22,C0025,P137,CUSCO,7.0,232.0,TRANSFERENCIA,PeruPC ACCESORIO Basic 137,ACCESORIO,64.0,43.3,Giancarlo Vargas,AREQUIPA,47.0,REGULAR,2024-01-27,1624.0,2024-04
V0221,2024-05-01,C0121,P277,CUSCO,9.0,1425.0,EFECTIVO,AndinaTech CELULAR Ultra 277,CELULAR,837.0,480.21,Daniela Medina,PIURA,25.0,REGULAR,2024-07-11,12825.0,2024-05
V0223,2024-02-08,C0018,P216,CUSCO,5.0,1297.0,EFECTIVO,MaxDigital MONITOR Air 216,MONITOR,1007.0,604.18,César Paredes,TRUJILLO,86.0,NUEVO,2024-03-19,6485.0,2024-02
V0225,2024-05-23,C0182,P149,LIMA,4.0,1983.0,TRANSFERENCIA,AndinaTech CELULAR Plus 149,CELULAR,3286.0,1848.95,Gabriela Castillo,AREQUIPA,64.0,REGULAR,2024-03-18,7932.0,2024-05
V0226,2024-04-17,C0277,P261,AREQUIPA,8.0,926.0,EFECTIVO,MaxDigital CELULAR Pro 261,CELULAR,1995.0,1328.94,Cliente 9440,PIURA,55.0,REGULAR,2024-04-08,7408.0,2024-04
V0228,2024-04-22,C0262,P184,CUSCO,3.0,817.0,EFECTIVO,TechNova TABLET Lite 184,TABLET,616.0,421.7,Óscar Castillo,SIN REGISTRO,18.0,REGULAR,2023-04-24,2451.0,2024-04
V0229,2024-05-14,C0294,P117,LIMA,3.0,1554.0,EFECTIVO,TechNova TABLET Ultra 117,TABLET,1155.0,720.1,Cliente 5156,PIURA,80.0,NUEVO,2024-02-19,4662.0,2024-05
V0230,2024-01-20,C0227,P293,LIMA,8.0,1839.0,SIN REGISTRO,MaxDigital ACCESORIO Basic 293,ACCESORIO,41.0,24.94,María Díaz,TRUJILLO,47.0,REGULAR,2024-04-01,14712.0,2024-01
V0231,2024-05-20,C0078,P140,AREQUIPA,3.0,2027.0,TARJETA,TechNova CELULAR Air 140,CELULAR,880.0,498.42,Alejandra Ramos,TRUJILLO,40.0,REGULAR,2024-05-19,6081.0,2024-05
V0232,2024-06-20,C0314,P161,TRUJILLO,9.0,2540.0,EFECTIVO,AndinaTech LAPTOP Ultra 161,LAPTOP,3627.0,2086.53,Cliente 1684,PIURA,52.0,REGULAR,2023-01-30,22860.0,2024-06
V0233,2024-04-30,C0215,P023,AREQUIPA,3.0,2903.0,TARJETA,MaxDigital TABLET Ultra 023,TABLET,813.0,448.76,Mónica Aguilar,AREQUIPA,85.0,VIP,2024-12-02,8709.0,2024-04
V0234,2024-02-23,C0033,P137,TRUJILLO,1.0,2625.0,SIN REGISTRO,PeruPC ACCESORIO Basic 137,ACCESORIO,64.0,43.3,Renzo Castillo,PIURA,53.0,REGULAR,2023-08-03,2625.0,2024-02
V0235,2024-04-14,C0234,P271,CUSCO,7.0,55.0,TARJETA,PeruPC CELULAR Lite 271,CELULAR,1614.0,893.73,Renzo Medina,TRUJILLO,60.0,REGULAR,2023-09-23,385.0,2024-04
V0237,2024-02-16,C0151,P234,TRUJILLO,8.0,2641.0,EFECTIVO,TechNova LAPTOP Ultra 234,LAPTOP,3047.0,1846.82,Sergio Núñez,CUSCO,27.0,VIP,2024-08-17,21128.0,2024-02
V0238,2024-06-30,C0309,P249,CUSCO,10.0,1163.0,EFECTIVO,TechNova ACCESORIO Pro 249,ACCESORIO,218.0,124.55,Cliente 5639,AREQUIPA,79.0,NUEVO,2023-09-09,11630.0,2024-06
V0240,2024-06-01,C0254,P031,TRUJILLO,2.0,1433.0,EFECTIVO,PeruPC CELULAR Basic 031,CELULAR,1742.0,972.61,Carlos Castro,AREQUIPA,77.0,NUEVO,2024-12-25,2866.0,2024-06
V0241,2024-03-03,C0089,P024,TRUJILLO,6.0,523.0,EFECTIVO,TechNova TABLET Ultra 024,TABLET,949.0,598.97,Marco Núñez,CUSCO,50.0,VIP,2023-02-24,3138.0,2024-03
V0242,2024-04-13,C0164,P285,TRUJILLO,9.0,521.0,TARJETA,PeruPC LAPTOP Air 285,LAPTOP,1867.0,1148.24,Rosa Díaz,LIMA,44.0,VIP,2024-11-15,4689.0,2024-04
V0243,2024-04-12,C0175,P024,TRUJILLO,6.0,2306.0,EFECTIVO,TechNova TABLET Ultra 024,TABLET,949.0,598.97,Mónica Paredes,CUSCO,57.0,NUEVO,2023-10-11,13836.0,2024-04
V0244,2024-05-19,C0151,P251,LIMA,4.0,409.0,EFECTIVO,PeruPC LAPTOP Pro 251,LAPTOP,3550.0,2492.72,Sergio Núñez,CUSCO,27.0,VIP,2024-08-17,1636.0,2024-05
V0245,2024-02-28,C0017,P191,TRUJILLO,5.0,1504.0,EFECTIVO,PeruPC AUDIO Air 191,AUDIO,601.0,425.35,Karla Vásquez,CUSCO,34.0,REGULAR,2024-01-12,7520.0,2024-02
V0246,2024-02-12,C0289,P070,CUSCO,7.0,682.0,EFECTIVO,PeruPC LAPTOP Air 070,LAPTOP,2590.0,1659.76,Cliente 5119,SIN REGISTRO,88.0,NUEVO,2024-11-04,4774.0,2024-02
V0248,2024-05-06,C0055,P273,CUSCO,5.0,967.0,TARJETA,MaxDigital AUDIO Pro 273,AUDIO,728.0,497.27,Andrés Gutiérrez,CUSCO,63.0,REGULAR,2024-07-21,4835.0,2024-05
V0249,2024-03-06,C0134,P129,TRUJILLO,10.0,2824.0,TRANSFERENCIA,AndinaTech LAPTOP Air 129,LAPTOP,862.0,1129.4,Estefanía Vásquez,AREQUIPA,56.0,REGULAR,2024-08-01,28240.0,2024-03
V0251,2024-03-19,C0302,P002,LIMA,1.0,324.0,TRANSFERENCIA,AndinaTech TABLET Ultra 002,TABLET,900.0,571.3,Cliente 9694,TRUJILLO,56.0,VIP,2023-04-23,324.0,2024-03
V0252,2024-01-08,C0018,P203,TRUJILLO,6.0,1399.0,TARJETA,AndinaTech MONITOR Neo 203,MONITOR,677.0,438.3,César Paredes,TRUJILLO,86.0,NUEVO,2024-03-19,8394.0,2024-01
V0253,2024-04-13,C0202,P021,CUSCO,1.0,2224.0,EFECTIVO,PeruPC CELULAR Basic 021,CELULAR,1809.0,1132.17,Jorge Chávez,TRUJILLO,55.0,REGULAR,2024-08-19,2224.0,2024-04
V0254,2024-01-01,C0009,P005,LIMA,6.0,1628.0,TARJETA,AndinaTech AUDIO Ultra 005,AUDIO,497.0,324.89,Alejandra Vargas,CHICLAYO,80.0,REGULAR,2023-03-22,9768.0,2024-01
V0255,2024-03-29,C0290,P097,CUSCO,9.0,1856.0,TARJETA,AndinaTech AUDIO Air 097,AUDIO,86.0,54.15,Cliente 4893,TRUJILLO,28.0,REGULAR,2023-12-04,16704.0,2024-03
V0256,2024-03-13,C0076,P207,LIMA,7.0,1207.0,EFECTIVO,TechNova LAPTOP Lite 207,LAPTOP,3703.0,2473.25,Miguel Díaz,SIN REGISTRO,72.0,NUEVO,2024-12-30,8449.0,2024-03
V0257,2024-04-05,C0130,P272,CUSCO,10.0,2602.0,EFECTIVO,AndinaTech AUDIO Neo 272,AUDIO,822.0,584.71,Ximena Medina,LIMA,26.0,REGULAR,2023-01-20,26020.0,2024-04
V0258,2024-03-10,C0166,P197,TRUJILLO,2.0,2295.0,TRANSFERENCIA,TechNova TABLET Plus 197,TABLET,1139.0,746.97,Fiorella Torres,LIMA,69.0,REGULAR,2023-08-18,4590.0,2024-03
V0259,2024-02-14,C0281,P137,TRUJILLO,7.0,1530.0,EFECTIVO,PeruPC ACCESORIO Basic 137,ACCESORIO,64.0,43.3,Cliente 2606,CUSCO,88.0,REGULAR,2023-06-30,10710.0,2024-02
V0260,2024-06-27,C0095,P179,TRUJILLO,5.0,1935.0,EFECTIVO,AndinaTech TABLET Pro 179,TABLET,930.0,573.7,Valeria Medina,CUSCO,19.0,VIP,2024-05-11,9675.0,2024-06
V0261,2024-02-25,C0216,P065,LIMA,6.0,1846.0,EFECTIVO,MaxDigital TABLET Ultra 065,TABLET,935.0,604.34,Carlos Ramos,LIMA,46.0,VIP,2024-07-01,11076.0,2024-02
V0262,2024-05-07,C0298,P246,LIMA,5.0,1037.0,TARJETA,PeruPC AUDIO Neo 246,AUDIO,481.0,331.36,Cliente 9717,CUSCO,35.0,NUEVO,2024-12-13,5185.0,2024-05
V0263,2024-02-19,C0131,P267,LIMA,9.0,2362.0,TARJETA,PeruPC TABLET Lite 267,TABLET,1020.0,604.2,Raúl Vásquez,CUSCO,43.0,VIP,2023-12-16,21258.0,2024-02
V0264,2024-03-01,C0276,P105,TRUJILLO,1.0,432.0,EFECTIVO,TechNova AUDIO Basic 105,AUDIO,838.0,534.13,Cliente 6589,PIURA,43.0,REGULAR,2023-02-06,432.0,2024-03
V0265,2024-06-09,C0126,P210,AREQUIPA,10.0,1639.0,EFECTIVO,MaxDigital AUDIO Ultra 210,AUDIO,378.0,220.8,Daniela Castro,AREQUIPA,35.0,VIP,2024-01-15,16390.0,2024-06
V0266,2024-02-23,C0248,P025,TRUJILLO,10.0,1045.0,EFECTIVO,PeruPC AUDIO Neo 025,AUDIO,867.0,592.48,Sergio Castillo,CUSCO,49.0,NUEVO,2023-08-27,10450.0,2024-02
V0267,2024-03-04,C0151,P049,AREQUIPA,4.0,2303.0,TARJETA,MaxDigital ACCESORIO Lite 049,ACCESORIO,179.0,108.58,Sergio Núñez,CUSCO,27.0,VIP,2024-08-17,9212.0,2024-03
V0268,2024-05-06,C0055,P012,TRUJILLO,10.0,742.0,TRANSFERENCIA,TechNova AUDIO Neo 012,SIN CATEGORIA,658.0,403.38,Andrés Gutiérrez,CUSCO,63.0,REGULAR,2024-07-21,7420.0,2024-05
V0269,2024-05-25,C0060,P182,CUSCO,6.0,981.0,TRANSFERENCIA,MaxDigital CELULAR Lite 182,CELULAR,645.0,426.07,Raúl Vargas,AREQUIPA,40.0,NUEVO,2024-02-05,5886.0,2024-05
V0270,2024-05-24,C0298,P285,LIMA,9.0,1733.0,EFECTIVO,PeruPC LAPTOP Air 285,LAPTOP,1867.0,1148.24,Cliente 9717,CUSCO,35.0,NUEVO,2024-12-13,15597.0,2024-05
V0271,2024-02-11,C0152,P096,AREQUIPA,7.0,2492.0,TARJETA,AndinaTech CELULAR Basic 096,CELULAR,2246.0,1281.93,Pedro Díaz,TRUJILLO,61.0,REGULAR,2023-08-28,17444.0,2024-02
V0272,2024-03-18,C0234,P010,CUSCO,9.0,1834.0,TARJETA,TechNova LAPTOP Pro 010,LAPTOP,2954.0,1918.52,Renzo Medina,TRUJILLO,60.0,REGULAR,2023-09-23,16506.0,2024-03
V0273,2024-02-26,C0096,P222,LIMA,10.0,597.0,TRANSFERENCIA,PeruPC MONITOR Basic 222,MONITOR,692.0,465.07,Rosa Paredes,CHICLAYO,71.0,REGULAR,2023-08-06,5970.0,2024-02
V0274,2024-04-24,C0209,P262,CUSCO,7.0,1354.0,EFECTIVO,PeruPC AUDIO Air 262,AUDIO,719.0,491.06,Hugo Quispe,TRUJILLO,55.0,REGULAR,2024-05-05,9478.0,2024-04
V0276,2024-05-07,C0178,P205,AREQUIPA,2.0,1661.0,EFECTIVO,AndinaTech AUDIO Pro 205,AUDIO,421.0,271.41,Lucía Díaz,CUSCO,80.0,REGULAR,2023-03-15,3322.0,2024-05
V0277,2024-02-22,C0300,P002,AREQUIPA,10.0,2951.0,EFECTIVO,AndinaTech TABLET Ultra 002,TABLET,900.0,571.3,Cliente 2161,PIURA,76.0,NUEVO,2023-03-07,29510.0,2024-02
V0278,2024-05-01,C0189,P014,CUSCO,4.0,1942.0,EFECTIVO,PeruPC LAPTOP Basic 014,LAPTOP,3667.0,2073.15,Alberto Torres,TRUJILLO,29.0,VIP,2023-09-19,7768.0,2024-05
V0279,2024-03-19,C0051,P273,TRUJILLO,5.0,1145.0,TARJETA,MaxDigital AUDIO Pro 273,AUDIO,728.0,497.27,Diego Vásquez,AREQUIPA,58.0,VIP,2024-09-09,5725.0,2024-03
V0280,2024-04-19,C0064,P203,AREQUIPA,7.0,1463.0,TARJETA,AndinaTech MONITOR Neo 203,MONITOR,677.0,438.3,Carmen García,AREQUIPA,18.0,REGULAR,2024-06-05,10241.0,2024-04
V0281,2024-02-10,C0075,P282,TRUJILLO,7.0,2219.0,EFECTIVO,AndinaTech AUDIO Neo 282,AUDIO,739.0,464.7,Mónica Chávez,TRUJILLO,70.0,REGULAR,2024-04-10,15533.0,2024-02
V0282,2024-06-29,C0285,P103,TRUJILLO,1.0,2682.0,TARJETA,TechNova CELULAR Lite 103,CELULAR,1355.0,873.87,Cliente 2881,CHICLAYO,55.0,REGULAR,2023-06-19,2682.0,2024-06
V0284,2024-03-23,C0229,P169,LIMA,9.0,2848.0,EFECTIVO,PeruPC AUDIO Lite 169,AUDIO,292.0,200.47,Adriana Ramos,AREQUIPA,28.0,VIP,2023-01-07,25632.0,2024-03
V0285,2024-01-27,C0207,P213,CUSCO,8.0,1086.0,EFECTIVO,AndinaTech ACCESORIO Max 213,ACCESORIO,138.0,84.75,Karla García,SIN REGISTRO,82.0,NUEVO,2023-08-26,8688.0,2024-01
V0286,2024-05-09,C0024,P096,TRUJILLO,9.0,73.0,EFECTIVO,AndinaTech CELULAR Basic 096,CELULAR,2246.0,1281.93,Camila Vargas,CUSCO,39.0,NUEVO,2024-12-28,657.0,2024-05
V0287,2024-06-10,C0191,P036,TRUJILLO,5.0,1949.0,EFECTIVO,TechNova TABLET Plus 036,TABLET,1126.0,780.07,María Espinoza,TRUJILLO,85.0,VIP,2023-09-25,9745.0,2024-06
V0288,2024-04-01,C0148,P149,CUSCO,6.0,1342.0,EFECTIVO,AndinaTech CELULAR Plus 149,CELULAR,3286.0,1848.95,Carmen Rodríguez,TRUJILLO,47.0,REGULAR,2023-06-06,8052.0,2024-04
V0289,2024-05-19,C0233,P282,TRUJILLO,4.0,657.0,TRANSFERENCIA,AndinaTech AUDIO Neo 282,AUDIO,739.0,464.7,Ana Vargas,TRUJILLO,59.0,REGULAR,2024-05-17,2628.0,2024-05
V0291,2024-01-01,C0250,P092,TRUJILLO,9.0,1633.0,EFECTIVO,AndinaTech AUDIO Neo 092,AUDIO,323.0,212.71,Jorge García,TRUJILLO,63.0,REGULAR,2023-12-17,14697.0,2024-01
V0292,2024-06-18,C0319,P238,TRUJILLO,1.0,320.0,TARJETA,PeruPC CELULAR Neo 238,CELULAR,1842.0,1059.34,Cliente 6282,PIURA,57.0,VIP,2023-10-22,320.0,2024-06
V0293,2024-05-03,C0292,P076,LIMA,5.0,1965.0,EFECTIVO,TechNova CELULAR Pro 076,CELULAR,1863.0,1156.17,Cliente 9878,CHICLAYO,27.0,NUEVO,2023-02-19,9825.0,2024-05
V0294,2024-03-11,C0299,P045,AREQUIPA,9.0,417.0,EFECTIVO,TechNova CELULAR Max 045,CELULAR,977.0,700.96,Cliente 6301,CHICLAYO,63.0,REGULAR,2023-02-20,3753.0,2024-03
V0295,2024-06-02,C0254,P011,TRUJILLO,4.0,2998.0,TARJETA,PeruPC TABLET Basic 011,TABLET,1030.0,736.04,Carlos Castro,AREQUIPA,77.0,NUEVO,2024-12-25,11992.0,2024-06
V0296,2024-04-25,C0274,P126,TRUJILLO,7.0,1499.0,EFECTIVO,AndinaTech ACCESORIO Basic 126,ACCESORIO,106.0,66.83,Cliente 1957,AREQUIPA,41.0,REGULAR,2024-12-26,10493.0,2024-04
V0297,2024-05-05,C0211,P014,LIMA,10.0,2282.0,TARJETA,PeruPC LAPTOP Basic 014,LAPTOP,3667.0,2073.15,Renzo Núñez,CUSCO,22.0,REGULAR,2024-08-27,22820.0,2024-05
V0298,2024-02-09,C0049,P023,LIMA,2.0,2398.0,TARJETA,MaxDigital TABLET Ultra 023,TABLET,813.0,448.76,Adriana Rodríguez,CHICLAYO,38.0,REGULAR,2023-11-23,4796.0,2024-02
V0299,2024-01-10,C0068,P281,TRUJILLO,6.0,782.0,TRANSFERENCIA,AndinaTech ACCESORIO Air 281,ACCESORIO,201.0,140.93,César García,SIN REGISTRO,58.0,REGULAR,2024-11-27,4692.0,2024-01
V0300,2024-02-27,C0031,P188,AREQUIPA,10.0,2492.0,EFECTIVO,MaxDigital LAPTOP Pro 188,LAPTOP,2425.0,1679.24,Rosa Gutiérrez,CUSCO,81.0,REGULAR,2024-04-25,24920.0,2024-02
V0301,2024-03-14,C0151,P074,TRUJILLO,2.0,1852.0,TRANSFERENCIA,TechNova AUDIO Pro 074,AUDIO,697.0,424.24,Sergio Núñez,CUSCO,27.0,VIP,2024-08-17,3704.0,2024-03
V0302,2024-01-24,C0049,P095,CUSCO,3.0,98.0,EFECTIVO,AndinaTech AUDIO Ultra 095,AUDIO,708.0,486.17,Adriana Rodríguez,CHICLAYO,38.0,REGULAR,2023-11-23,294.0,2024-01
V0303,2024-04-21,C0167,P160,CUSCO,10.0,2715.0,EFECTIVO,TechNova LAPTOP Plus 160,LAPTOP,1820.0,1239.62,Ximena Aguilar,CHICLAYO,50.0,REGULAR,2024-03-29,27150.0,2024-04
V0306,2024-04-05,C0080,P130,CUSCO,7.0,2349.0,TARJETA,MaxDigital TABLET Basic 130,TABLET,661.0,398.17,César Rojas,CHICLAYO,65.0,REGULAR,2023-03-07,16443.0,2024-04
V0307,2024-04-07,C0034,P293,TRUJILLO,4.0,2964.0,TARJETA,MaxDigital ACCESORIO Basic 293,ACCESORIO,41.0,24.94,Giancarlo Ramos,AREQUIPA,63.0,NUEVO,2024-12-18,11856.0,2024-04
V0309,2024-03-06,C0213,P186,CUSCO,9.0,2776.0,TRANSFERENCIA,TechNova MONITOR Plus 186,MONITOR,557.0,308.26,Lucía Vargas,PIURA,20.0,VIP,2024-03-30,24984.0,2024-03
V0310,2024-02-20,C0175,P079,TRUJILLO,3.0,587.0,EFECTIVO,PeruPC AUDIO Plus 079,AUDIO,617.0,374.7,Mónica Paredes,CUSCO,57.0,NUEVO,2023-10-11,1761.0,2024-02
V0311,2024-06-22,C0098,P283,CUSCO,9.0,2604.0,SIN REGISTRO,PeruPC ACCESORIO Max 283,ACCESORIO,152.0,91.35,Óscar Gutiérrez,AREQUIPA,48.0,REGULAR,2024-10-17,23436.0,2024-06
V0312,2024-01-28,C0049,P286,LIMA,8.0,1950.0,TARJETA,PeruPC MONITOR Lite 286,MONITOR,772.0,486.5,Adriana Rodríguez,CHICLAYO,38.0,REGULAR,2023-11-23,15600.0,2024-01
V0313,2024-04-28,C0245,P012,LIMA,6.0,1667.0,EFECTIVO,TechNova AUDIO Neo 012,SIN CATEGORIA,658.0,403.38,Diego Quispe,SIN REGISTRO,24.0,REGULAR,2024-03-19,10002.0,2024-04
V0314,2024-05-07,C0137,P146,LIMA,8.0,2115.0,TRANSFERENCIA,PeruPC LAPTOP Air 146,LAPTOP,3029.0,1944.27,Juan Medina,TRUJILLO,22.0,REGULAR,2023-09-09,16920.0,2024-05
V0315,2024-01-29,C0293,P232,CUSCO,7.0,2665.0,TARJETA,TechNova MONITOR Ultra 232,MONITOR,753.0,487.06,Cliente 6084,LIMA,25.0,VIP,2023-03-14,18655.0,2024-01
V0317,2024-05-26,C0289,P204,CUSCO,6.0,876.0,TARJETA,PeruPC LAPTOP Ultra 204,LAPTOP,1814.0,1094.69,Cliente 5119,SIN REGISTRO,88.0,NUEVO,2024-11-04,5256.0,2024-05
V0318,2024-01-26,C0319,P227,TRUJILLO,1.0,708.0,TRANSFERENCIA,PeruPC AUDIO Lite 227,AUDIO,890.0,551.07,Cliente 6282,PIURA,57.0,VIP,2023-10-22,708.0,2024-01
V0319,2024-02-18,C0027,P131,CUSCO,3.0,1140.0,TARJETA,MaxDigital CELULAR Pro 131,CELULAR,528.0,317.86,Alejandra Chávez,CHICLAYO,43.0,NUEVO,2024-03-17,3420.0,2024-02
V0321,2024-06-01,C0091,P057,LIMA,5.0,2997.0,EFECTIVO,AndinaTech MONITOR Air 057,MONITOR,1052.0,674.27,Karla Núñez,PIURA,58.0,VIP,2024-01-09,14985.0,2024-06
V0322,2024-02-22,C0283,P249,TRUJILLO,3.0,123.0,EFECTIVO,TechNova ACCESORIO Pro 249,ACCESORIO,218.0,124.55,Cliente 5605,CHICLAYO,87.0,REGULAR,2023-06-12,369.0,2024-02
V0323,2024-01-29,C0306,P222,CUSCO,10.0,688.0,EFECTIVO,PeruPC MONITOR Basic 222,MONITOR,692.0,465.07,Cliente 8140,TRUJILLO,71.0,REGULAR,2023-04-22,6880.0,2024-01
V0324,2024-03-07,C0081,P144,CUSCO,9.0,1922.0,TARJETA,AndinaTech CELULAR Max 144,CELULAR,586.0,390.56,Andrés Chávez,PIURA,86.0,VIP,2023-10-27,17298.0,2024-03
V0325,2024-03-11,C0212,P216,TRUJILLO,10.0,589.0,EFECTIVO,MaxDigital MONITOR Air 216,MONITOR,1007.0,604.18,Juan Flores,AREQUIPA,18.0,VIP,2024-05-31,5890.0,2024-03
V0326,2024-01-30,C0008,P083,TRUJILLO,9.0,610.0,SIN REGISTRO,MaxDigital MONITOR Neo 083,MONITOR,577.0,336.31,Karla Espinoza,PIURA,36.0,NUEVO,2024-10-17,5490.0,2024-01
V0327,2024-06-30,C0239,P072,TRUJILLO,9.0,1989.0,EFECTIVO,PeruPC TABLET Pro 072,TABLET,968.0,554.03,Alejandra García,PIURA,28.0,REGULAR,2024-09-03,17901.0,2024-06
V0328,2024-03-20,C0257,P171,CUSCO,10.0,1265.0,EFECTIVO,MaxDigital MONITOR Pro 171,MONITOR,533.0,333.67,Estefanía Díaz,CHICLAYO,28.0,REGULAR,2024-05-23,12650.0,2024-03
V0329,2024-01-26,C0030,P092,AREQUIPA,3.0,1333.0,TARJETA,AndinaTech AUDIO Neo 092,AUDIO,323.0,212.71,Carlos Díaz,AREQUIPA,39.0,NUEVO,2023-03-11,3999.0,2024-01
V0330,2024-06-30,C0209,P119,TRUJILLO,3.0,283.0,TARJETA,PeruPC ACCESORIO Plus 119,ACCESORIO,35.0,19.39,Hugo Quispe,TRUJILLO,55.0,REGULAR,2024-05-05,849.0,2024-06
V0331,2024-02-11,C0196,P135,AREQUIPA,1.0,82.0,TRANSFERENCIA,TechNova AUDIO Neo 135,AUDIO,561.0,391.95,Juan Paredes,AREQUIPA,38.0,REGULAR,2024-04-17,82.0,2024-02
V0332,2024-01-26,C0286,P202,CUSCO,6.0,495.0,TARJETA,AndinaTech CELULAR Max 202,CELULAR,1200.0,827.48,Cliente 6276,CHICLAYO,42.0,NUEVO,2023-05-26,2970.0,2024-01
V0333,2024-05-27,C0277,P086,AREQUIPA,2.0,252.0,TRANSFERENCIA,AndinaTech TABLET Basic 086,TABLET,408.0,248.48,Cliente 9440,PIURA,55.0,REGULAR,2024-04-08,504.0,2024-05
V0335,2024-04-26,C0031,P101,CUSCO,1.0,2177.0,EFECTIVO,MaxDigital MONITOR Pro 101,MONITOR,1175.0,774.65,Rosa Gutiérrez,CUSCO,81.0,REGULAR,2024-04-25,2177.0,2024-04
V0336,2024-01-27,C0157,P240,CUSCO,9.0,822.0,TARJETA,TechNova LAPTOP Air 240,LAPTOP,3967.0,2432.01,Valeria Ramos,CHICLAYO,69.0,REGULAR,2023-03-21,7398.0,2024-01
V0337,2024-02-01,C0006,P071,LIMA,5.0,1752.0,EFECTIVO,TechNova AUDIO Basic 071,AUDIO,524.0,328.89,Luis Castillo,LIMA,87.0,VIP,2023-06-15,8760.0,2024-02
V0338,2024-05-18,C0312,P030,CUSCO,2.0,2815.0,TRANSFERENCIA,PeruPC TABLET Neo 030,TABLET,1144.0,709.24,Cliente 6923,AREQUIPA,69.0,NUEVO,2024-06-10,5630.0,2024-05
V0340,2024-04-12,C0317,P141,AREQUIPA,5.0,2886.0,EFECTIVO,TechNova CELULAR Air 141,CELULAR,3345.0,2112.7,Cliente 3191,CHICLAYO,72.0,REGULAR,2023-12-18,14430.0,2024-04
V0341,2024-04-18,C0134,P182,TRUJILLO,3.0,2000.0,TARJETA,MaxDigital CELULAR Lite 182,CELULAR,645.0,426.07,Estefanía Vásquez,AREQUIPA,56.0,REGULAR,2024-08-01,6000.0,2024-04
V0342,2024-06-27,C0159,P216,TRUJILLO,4.0,1041.0,EFECTIVO,MaxDigital MONITOR Air 216,MONITOR,1007.0,604.18,Giancarlo Chávez,CHICLAYO,71.0,VIP,2023-07-25,4164.0,2024-06
V0343,2024-02-13,C0125,P124,TRUJILLO,4.0,1501.0,EFECTIVO,MaxDigital CELULAR Neo 124,CELULAR,1364.0,771.79,Alberto Castro,AREQUIPA,70.0,REGULAR,2023-05-25,6004.0,2024-02
V0344,2024-05-28,C0262,P115,TRUJILLO,10.0,2515.0,EFECTIVO,TechNova ACCESORIO Max 115,ACCESORIO,102.0,57.38,Óscar Castillo,SIN REGISTRO,18.0,REGULAR,2023-04-24,25150.0,2024-05
V0345,2024-04-13,C0203,P045,CUSCO,1.0,844.0,TARJETA,TechNova CELULAR Max 045,CELULAR,977.0,700.96,Alberto Paredes,LIMA,35.0,REGULAR,2023-02-21,844.0,2024-04
V0346,2024-03-26,C0130,P091,AREQUIPA,7.0,429.0,TARJETA,AndinaTech TABLET Plus 091,TABLET,394.0,270.97,Ximena Medina,LIMA,26.0,REGULAR,2023-01-20,3003.0,2024-03
V0347,2024-01-26,C0232,P019,LIMA,10.0,2506.0,EFECTIVO,TechNova TABLET Max 019,TABLET,1054.0,707.1,María Rojas,TRUJILLO,52.0,REGULAR,2024-02-14,25060.0,2024-01
V0348,2024-03-17,C0118,P169,CUSCO,3.0,214.0,TRANSFERENCIA,PeruPC AUDIO Lite 169,AUDIO,292.0,200.47,Juan Quispe,CUSCO,65.0,REGULAR,2023-08-21,642.0,2024-03
V0349,2024-05-11,C0156,P298,AREQUIPA,4.0,849.0,TARJETA,TechNova MONITOR Basic 298,MONITOR,977.0,614.27,Giancarlo Vásquez,SIN REGISTRO,82.0,REGULAR,2024-10-04,3396.0,2024-05
V0350,2024-05-17,C0171,P132,TRUJILLO,1.0,2522.0,TARJETA,TechNova TABLET Neo 132,TABLET,760.0,469.69,Ana Flores,CHICLAYO,55.0,VIP,2023-04-12,2522.0,2024-05
V0351,2024-02-17,C0075,P007,TRUJILLO,4.0,946.0,TARJETA,PeruPC MONITOR Neo 007,MONITOR,1014.0,695.61,Mónica Chávez,TRUJILLO,70.0,REGULAR,2024-04-10,3784.0,2024-02
V0352,2024-01-26,C0180,P038,TRUJILLO,2.0,1474.0,TRANSFERENCIA,AndinaTech MONITOR Neo 038,MONITOR,963.0,666.13,Ricardo Chávez,CHICLAYO,59.0,REGULAR,2024-05-07,2948.0,2024-01
V0354,2024-04-24,C0150,P188,TRUJILLO,8.0,189.0,TRANSFERENCIA,MaxDigital LAPTOP Pro 188,LAPTOP,2425.0,1679.24,Walter Medina,LIMA,88.0,NUEVO,2024-10-19,1512.0,2024-04
V0356,2024-06-30,C0109,P056,TRUJILLO,10.0,871.0,EFECTIVO,TechNova TABLET Basic 056,TABLET,1091.0,752.24,Raúl Rodríguez,CUSCO,58.0,NUEVO,2024-11-26,8710.0,2024-06
V0357,2024-01-01,C0126,P195,AREQUIPA,9.0,505.0,TARJETA,TechNova ACCESORIO Basic 195,ACCESORIO,238.0,160.51,Daniela Castro,AREQUIPA,35.0,VIP,2024-01-15,4545.0,2024-01
V0358,2024-03-24,C0195,P236,TRUJILLO,4.0,1431.0,TRANSFERENCIA,PeruPC MONITOR Neo 236,MONITOR,840.0,530.58,Marco Ramos,TRUJILLO,79.0,REGULAR,2023-05-06,5724.0,2024-03
V0359,2024-06-01,C0066,P254,TRUJILLO,4.0,388.0,EFECTIVO,TechNova AUDIO Max 254,AUDIO,542.0,377.58,Marco Chávez,PIURA,50.0,VIP,2024-11-05,1552.0,2024-06
V0360,2024-03-28,C0091,P110,AREQUIPA,8.0,1497.0,TARJETA,MaxDigital TABLET Lite 110,TABLET,1192.0,729.35,Karla Núñez,PIURA,58.0,VIP,2024-01-09,11976.0,2024-03
V0361,2024-04-26,C0261,P175,AREQUIPA,2.0,1431.0,TARJETA,TechNova LAPTOP Air 175,LAPTOP,2127.0,1199.61,Hugo Medina,TRUJILLO,46.0,REGULAR,2024-12-28,2862.0,2024-04
V0362,2024-01-03,C0005,P269,TRUJILLO,4.0,1200.0,TRANSFERENCIA,MaxDigital MONITOR Pro 269,MONITOR,577.0,327.82,Daniela Flores,LIMA,88.0,REGULAR,2023-06-09,4800.0,2024-01
V0363,2024-02-11,C0120,P100,LIMA,3.0,71.0,EFECTIVO,PeruPC CELULAR Lite 100,CELULAR,926.0,546.03,Rosa Vargas,SIN REGISTRO,81.0,REGULAR,2024-03-31,213.0,2024-02
V0364,2024-03-03,C0147,P261,LIMA,4.0,297.0,TRANSFERENCIA,MaxDigital CELULAR Pro 261,CELULAR,1995.0,1328.94,Juan Rodríguez,CHICLAYO,65.0,NUEVO,2023-11-12,1188.0,2024-03
V0365,2024-06-14,C0030,P255,AREQUIPA,4.0,492.0,TRANSFERENCIA,MaxDigital LAPTOP Air 255,LAPTOP,2380.0,1553.43,Carlos Díaz,AREQUIPA,39.0,NUEVO,2023-03-11,1968.0,2024-06
V0366,2024-02-16,C0061,P223,AREQUIPA,4.0,171.0,EFECTIVO,TechNova TABLET Basic 223,TABLET,574.0,376.35,Óscar Vargas,CUSCO,54.0,VIP,2024-02-13,684.0,2024-02
V0367,2024-02-25,C0025,P289,CUSCO,3.0,2820.0,EFECTIVO,TechNova AUDIO Pro 289,SIN CATEGORIA,430.0,303.96,Giancarlo Vargas,AREQUIPA,47.0,REGULAR,2024-01-27,8460.0,2024-02
V0368,2024-01-22,C0007,P119,CUSCO,5.0,2145.0,EFECTIVO,PeruPC ACCESORIO Plus 119,ACCESORIO,35.0,19.39,Diego Díaz,SIN REGISTRO,36.0,REGULAR,2024-12-26,10725.0,2024-01
V0369,2024-01-07,C0067,P197,AREQUIPA,7.0,1933.0,TARJETA,TechNova TABLET Plus 197,TABLET,1139.0,746.97,Carmen Díaz,CHICLAYO,55.0,REGULAR,2023-04-10,13531.0,2024-01
V0370,2024-04-11,C0041,P142,CUSCO,5.0,1421.0,TRANSFERENCIA,PeruPC AUDIO Ultra 142,AUDIO,568.0,329.64,Walter García,LIMA,55.0,NUEVO,2024-01-05,7105.0,2024-04
V0371,2024-05-19,C0298,P033,LIMA,10.0,2186.0,EFECTIVO,PeruPC CELULAR Plus 033,CELULAR,899.0,558.61,Cliente 9717,CUSCO,35.0,NUEVO,2024-12-13,21860.0,2024-05
V0372,2024-05-23,C0035,P237,TRUJILLO,5.0,1748.0,EFECTIVO,PeruPC CELULAR Plus 237,SIN CATEGORIA,2904.0,1762.85,Giancarlo Torres,AREQUIPA,44.0,REGULAR,2024-11-05,8740.0,2024-05
V0374,2024-04-01,C0231,P093,LIMA,1.0,321.0,EFECTIVO,TechNova ACCESORIO Neo 093,ACCESORIO,222.0,136.72,Fernando Rodríguez,AREQUIPA,51.0,REGULAR,2024-03-06,321.0,2024-04
V0375,2024-04-05,C0126,P111,CUSCO,5.0,857.0,TARJETA,TechNova LAPTOP Max 111,LAPTOP,1921.0,1324.48,Daniela Castro,AREQUIPA,35.0,VIP,2024-01-15,4285.0,2024-04
V0376,2024-01-16,C0219,P059,TRUJILLO,8.0,2962.0,EFECTIVO,MaxDigital MONITOR Air 059,SIN CATEGORIA,568.0,384.87,Alejandra Medina,CUSCO,19.0,VIP,2024-11-02,23696.0,2024-01
V0377,2024-02-03,C0245,P072,AREQUIPA,7.0,1038.0,TARJETA,PeruPC TABLET Pro 072,TABLET,968.0,554.03,Diego Quispe,SIN REGISTRO,24.0,REGULAR,2024-03-19,7266.0,2024-02
V0378,2024-05-21,C0195,P111,LIMA,2.0,2151.0,SIN REGISTRO,TechNova LAPTOP Max 111,LAPTOP,1921.0,1324.48,Marco Ramos,TRUJILLO,79.0,REGULAR,2023-05-06,4302.0,2024-05
V0379,2024-06-07,C0001,P209,AREQUIPA,10.0,817.0,TARJETA,TechNova ACCESORIO Plus 209,ACCESORIO,228.0,139.57,Giancarlo Castillo,AREQUIPA,55.0,VIP,2023-11-08,8170.0,2024-06
V0380,2024-03-12,C0216,P257,CUSCO,10.0,715.0,TARJETA,PeruPC CELULAR Pro 257,CELULAR,1369.0,899.74,Carlos Ramos,LIMA,46.0,VIP,2024-07-01,7150.0,2024-03
V0381,2024-04-30,C0063,P260,LIMA,7.0,873.0,EFECTIVO,MaxDigital AUDIO Plus 260,AUDIO,292.0,201.63,Valeria Castillo,PIURA,36.0,REGULAR,2024-01-25,6111.0,2024-04
V0382,2024-06-04,C0166,P197,CUSCO,5.0,1637.0,TARJETA,TechNova TABLET Plus 197,TABLET,1139.0,746.97,Fiorella Torres,LIMA,69.0,REGULAR,2023-08-18,8185.0,2024-06
V0383,2024-02-13,C0079,P221,TRUJILLO,6.0,1612.0,TARJETA,TechNova LAPTOP Basic 221,LAPTOP,1861.0,1221.19,Rocío Quispe,AREQUIPA,28.0,REGULAR,2023-11-15,9672.0,2024-02
V0384,2024-03-13,C0285,P252,TRUJILLO,6.0,250.0,EFECTIVO,PeruPC TABLET Basic 252,TABLET,909.0,591.78,Cliente 2881,CHICLAYO,55.0,REGULAR,2023-06-19,1500.0,2024-03
V0385,2024-01-23,C0318,P006,TRUJILLO,5.0,1882.0,TARJETA,TechNova ACCESORIO Max 006,ACCESORIO,210.0,135.89,Cliente 7660,AREQUIPA,62.0,VIP,2023-09-08,9410.0,2024-01
V0386,2024-05-20,C0319,P097,LIMA,10.0,2582.0,TARJETA,AndinaTech AUDIO Air 097,AUDIO,86.0,54.15,Cliente 6282,PIURA,57.0,VIP,2023-10-22,25820.0,2024-05
V0389,2024-02-11,C0117,P049,TRUJILLO,8.0,1770.0,TARJETA,MaxDigital ACCESORIO Lite 049,ACCESORIO,179.0,108.58,Carmen Paredes,TRUJILLO,54.0,REGULAR,2024-07-16,14160.0,2024-02
V0390,2024-03-27,C0228,P061,CUSCO,8.0,2408.0,TARJETA,PeruPC CELULAR Ultra 061,CELULAR,2874.0,1772.7,Juan Gutiérrez,CHICLAYO,33.0,NUEVO,2023-12-13,19264.0,2024-03
V0391,2024-01-28,C0274,P288,AREQUIPA,10.0,338.0,EFECTIVO,PeruPC CELULAR Max 288,CELULAR,3437.0,1932.61,Cliente 1957,AREQUIPA,41.0,REGULAR,2024-12-26,3380.0,2024-01
V0392,2024-04-16,C0169,P221,AREQUIPA,3.0,1291.0,EFECTIVO,TechNova LAPTOP Basic 221,LAPTOP,1861.0,1221.19,Jorge Castillo,AREQUIPA,63.0,NUEVO,2024-07-06,3873.0,2024-04
V0393,2024-05-27,C0211,P209,LIMA,2.0,2784.0,TARJETA,TechNova ACCESORIO Plus 209,ACCESORIO,228.0,139.57,Renzo Núñez,CUSCO,22.0,REGULAR,2024-08-27,5568.0,2024-05
V0394,2024-04-29,C0018,P264,CUSCO,1.0,2863.0,EFECTIVO,PeruPC ACCESORIO Max 264,ACCESORIO,131.0,79.39,César Paredes,TRUJILLO,86.0,NUEVO,2024-03-19,2863.0,2024-04
V0395,2024-01-02,C0067,P136,AREQUIPA,9.0,772.0,TRANSFERENCIA,AndinaTech TABLET Plus 136,SIN CATEGORIA,630.0,443.96,Carmen Díaz,CHICLAYO,55.0,REGULAR,2023-04-10,6948.0,2024-01
V0396,2024-05-24,C0204,P045,AREQUIPA,7.0,2019.0,TARJETA,TechNova CELULAR Max 045,CELULAR,977.0,700.96,Carmen Ramos,CUSCO,52.0,REGULAR,2024-06-05,14133.0,2024-05
V0397,2024-04-16,C0163,P232,CUSCO,1.0,410.0,EFECTIVO,TechNova MONITOR Ultra 232,MONITOR,753.0,487.06,Pedro García,CUSCO,77.0,REGULAR,2024-02-21,410.0,2024-04
V0398,2024-01-27,C0098,P283,TRUJILLO,7.0,2076.0,TRANSFERENCIA,PeruPC ACCESORIO Max 283,ACCESORIO,152.0,91.35,Óscar Gutiérrez,AREQUIPA,48.0,REGULAR,2024-10-17,14532.0,2024-01
V0399,2024-01-30,C0038,P148,CUSCO,4.0,984.0,EFECTIVO,TechNova AUDIO Max 148,AUDIO,838.0,586.88,Jorge Castro,LIMA,70.0,REGULAR,2024-12-11,3936.0,2024-01
V0400,2024-06-11,C0276,P181,LIMA,1.0,460.0,SIN REGISTRO,TechNova MONITOR Plus 181,MONITOR,770.0,507.1,Cliente 6589,PIURA,43.0,REGULAR,2023-02-06,460.0,2024-06
V0401,2024-03-24,C0106,P169,CUSCO,6.0,1461.0,TARJETA,PeruPC AUDIO Lite 169,AUDIO,292.0,200.47,Pedro Quispe,TRUJILLO,35.0,REGULAR,2024-05-27,8766.0,2024-03
V0402,2024-06-24,C0043,P071,TRUJILLO,6.0,2368.0,TARJETA,TechNova AUDIO Basic 071,AUDIO,524.0,328.89,Luis Díaz,PIURA,27.0,NUEVO,2023-06-19,14208.0,2024-06
V0403,2024-01-29,C0314,P280,TRUJILLO,5.0,2235.0,EFECTIVO,TechNova TABLET Lite 280,TABLET,410.0,274.35,Cliente 1684,PIURA,52.0,REGULAR,2023-01-30,11175.0,2024-01
V0405,2024-03-29,C0032,P215,TRUJILLO,6.0,1131.0,TARJETA,AndinaTech CELULAR Neo 215,CELULAR,715.0,402.04,Patricia Gutiérrez,AREQUIPA,43.0,REGULAR,2024-12-28,6786.0,2024-03
V0406,2024-04-07,C0215,P055,TRUJILLO,1.0,1208.0,EFECTIVO,TechNova AUDIO Air 055,AUDIO,272.0,169.46,Mónica Aguilar,AREQUIPA,85.0,VIP,2024-12-02,1208.0,2024-04
V0407,2024-03-07,C0066,P171,CUSCO,1.0,2796.0,EFECTIVO,MaxDigital MONITOR Pro 171,MONITOR,533.0,333.67,Marco Chávez,PIURA,50.0,VIP,2024-11-05,2796.0,2024-03
V0408,2024-06-30,C0102,P296,LIMA,6.0,1149.0,TARJETA,PeruPC MONITOR Lite 296,MONITOR,1012.0,576.84,Ximena Torres,LIMA,38.0,REGULAR,2023-09-14,6894.0,2024-06
V0410,2024-04-15,C0052,P202,AREQUIPA,5.0,773.0,TARJETA,AndinaTech CELULAR Max 202,CELULAR,1200.0,827.48,Daniela Espinoza,AREQUIPA,62.0,REGULAR,2023-01-26,3865.0,2024-04
V0411,2024-03-22,C0180,P067,CUSCO,7.0,2846.0,EFECTIVO,AndinaTech TABLET Neo 067,TABLET,862.0,332.5,Ricardo Chávez,CHICLAYO,59.0,REGULAR,2024-05-07,19922.0,2024-03
V0412,2024-02-19,C0040,P184,CUSCO,10.0,1117.0,EFECTIVO,TechNova TABLET Lite 184,TABLET,616.0,421.7,Fernando Aguilar,CUSCO,23.0,NUEVO,2024-11-06,11170.0,2024-02
V0414,2024-05-06,C0317,P272,AREQUIPA,7.0,2453.0,EFECTIVO,AndinaTech AUDIO Neo 272,AUDIO,822.0,584.71,Cliente 3191,CHICLAYO,72.0,REGULAR,2023-12-18,17171.0,2024-05
V0415,2024-04-04,C0312,P282,AREQUIPA,8.0,2770.0,TARJETA,AndinaTech AUDIO Neo 282,AUDIO,739.0,464.7,Cliente 6923,AREQUIPA,69.0,NUEVO,2024-06-10,22160.0,2024-04
V0416,2024-06-01,C0108,P168,AREQUIPA,1.0,2487.0,TRANSFERENCIA,PeruPC MONITOR Basic 168,MONITOR,1091.0,778.92,Alejandra Gutiérrez,AREQUIPA,56.0,REGULAR,2023-10-30,2487.0,2024-06
V0417,2024-01-25,C0283,P131,AREQUIPA,1.0,1314.0,TRANSFERENCIA,MaxDigital CELULAR Pro 131,CELULAR,528.0,317.86,Cliente 5605,CHICLAYO,87.0,REGULAR,2023-06-12,1314.0,2024-01
V0419,2024-02-26,C0146,P283,CUSCO,6.0,2859.0,EFECTIVO,PeruPC ACCESORIO Max 283,ACCESORIO,152.0,91.35,Camila Rodríguez,CHICLAYO,71.0,VIP,2024-06-02,17154.0,2024-02
V0420,2024-01-18,C0245,P245,CUSCO,2.0,640.0,TARJETA,PeruPC AUDIO Air 245,AUDIO,379.0,244.83,Diego Quispe,SIN REGISTRO,24.0,REGULAR,2024-03-19,1280.0,2024-01
V0422,2024-02-21,C0102,P232,CUSCO,5.0,870.0,TRANSFERENCIA,TechNova MONITOR Ultra 232,MONITOR,753.0,487.06,Ximena Torres,LIMA,38.0,REGULAR,2023-09-14,4350.0,2024-02
V0423,2024-04-17,C0303,P220,LIMA,8.0,1771.0,TARJETA,MaxDigital ACCESORIO Pro 220,ACCESORIO,241.0,154.64,Cliente 3794,CUSCO,36.0,REGULAR,2024-06-07,14168.0,2024-04
V0424,2024-05-30,C0306,P109,LIMA,3.0,649.0,TRANSFERENCIA,PeruPC TABLET Basic 109,TABLET,860.0,517.68,Cliente 8140,TRUJILLO,71.0,REGULAR,2023-04-22,1947.0,2024-05
V0425,2024-01-09,C0262,P298,CUSCO,4.0,2422.0,EFECTIVO,TechNova MONITOR Basic 298,MONITOR,977.0,614.27,Óscar Castillo,SIN REGISTRO,18.0,REGULAR,2023-04-24,9688.0,2024-01
V0427,2024-01-18,C0092,P133,AREQUIPA,10.0,2905.0,TARJETA,TechNova TABLET Basic 133,TABLET,676.0,415.39,Luis Vargas,PIURA,34.0,REGULAR,2024-08-29,29050.0,2024-01
V0428,2024-01-19,C0155,P012,TRUJILLO,10.0,2769.0,TRANSFERENCIA,TechNova AUDIO Neo 012,SIN CATEGORIA,658.0,403.38,Daniela Vargas,LIMA,27.0,REGULAR,2024-05-16,27690.0,2024-01
V0429,2024-06-12,C0129,P030,TRUJILLO,6.0,1516.0,TARJETA,PeruPC TABLET Neo 030,TABLET,1144.0,709.24,Estefanía Espinoza,CUSCO,68.0,REGULAR,2024-10-07,9096.0,2024-06
V0430,2024-06-21,C0230,P022,CUSCO,6.0,1180.0,EFECTIVO,PeruPC TABLET Basic 022,TABLET,469.0,315.48,Renzo Ramos,CHICLAYO,25.0,REGULAR,2023-08-10,7080.0,2024-06
V0431,2024-02-25,C0014,P248,CUSCO,9.0,1507.0,EFECTIVO,TechNova TABLET Lite 248,TABLET,600.0,354.54,Miguel Castillo,TRUJILLO,81.0,REGULAR,2024-04-29,13563.0,2024-02
V0432,2024-01-01,C0151,P293,TRUJILLO,1.0,1199.0,TARJETA,MaxDigital ACCESORIO Basic 293,ACCESORIO,41.0,24.94,Sergio Núñez,CUSCO,27.0,VIP,2024-08-17,1199.0,2024-01
V0433,2024-01-25,C0044,P068,LIMA,10.0,2448.0,EFECTIVO,TechNova LAPTOP Max 068,LAPTOP,2980.0,1813.42,Raúl Salazar,CUSCO,40.0,REGULAR,2023-09-08,24480.0,2024-01
V0434,2024-01-01,C0217,P300,AREQUIPA,6.0,2615.0,TARJETA,AndinaTech MONITOR Pro 300,MONITOR,862.0,344.57,Ximena Flores,AREQUIPA,40.0,NUEVO,2024-09-16,15690.0,2024-01
V0435,2024-05-14,C0025,P143,CUSCO,6.0,912.0,TRANSFERENCIA,PeruPC LAPTOP Plus 143,LAPTOP,3714.0,2131.58,Giancarlo Vargas,AREQUIPA,47.0,REGULAR,2024-01-27,5472.0,2024-05
V0438,2024-04-11,C0015,P055,AREQUIPA,9.0,1227.0,TARJETA,TechNova AUDIO Air 055,AUDIO,272.0,169.46,Renzo Gutiérrez,LIMA,85.0,REGULAR,2024-09-22,11043.0,2024-04
V0439,2024-03-19,C0282,P213,CUSCO,3.0,1851.0,EFECTIVO,AndinaTech ACCESORIO Max 213,ACCESORIO,138.0,84.75,Cliente 7071,LIMA,86.0,REGULAR,2023-06-19,5553.0,2024-03
V0440,2024-03-31,C0216,P155,TRUJILLO,8.0,2061.0,EFECTIVO,MaxDigital AUDIO Max 155,AUDIO,302.0,178.53,Carlos Ramos,LIMA,46.0,VIP,2024-07-01,16488.0,2024-03
V0441,2024-06-23,C0121,P167,CUSCO,4.0,2152.0,TARJETA,TechNova CELULAR Plus 167,CELULAR,2160.0,1432.32,Daniela Medina,PIURA,25.0,REGULAR,2024-07-11,8608.0,2024-06
V0443,2024-05-28,C0282,P279,AREQUIPA,4.0,2560.0,TARJETA,TechNova AUDIO Basic 279,AUDIO,206.0,114.22,Cliente 7071,LIMA,86.0,REGULAR,2023-06-19,10240.0,2024-05
V0444,2024-01-16,C0209,P112,AREQUIPA,7.0,2539.0,TARJETA,MaxDigital MONITOR Lite 112,MONITOR,635.0,371.4,Hugo Quispe,TRUJILLO,55.0,REGULAR,2024-05-05,17773.0,2024-01
V0445,2024-03-03,C0125,P210,CUSCO,2.0,1987.0,EFECTIVO,MaxDigital AUDIO Ultra 210,AUDIO,378.0,220.8,Alberto Castro,AREQUIPA,70.0,REGULAR,2023-05-25,3974.0,2024-03
V0446,2024-02-06,C0149,P285,AREQUIPA,6.0,471.0,TARJETA,PeruPC LAPTOP Air 285,LAPTOP,1867.0,1148.24,Camila Quispe,CHICLAYO,25.0,NUEVO,2023-11-10,2826.0,2024-02
V0447,2024-03-22,C0156,P135,LIMA,5.0,2166.0,TARJETA,TechNova AUDIO Neo 135,AUDIO,561.0,391.95,Giancarlo Vásquez,SIN REGISTRO,82.0,REGULAR,2024-10-04,10830.0,2024-03
V0448,2024-01-10,C0078,P153,LIMA,4.0,884.0,TARJETA,PeruPC LAPTOP Pro 153,LAPTOP,3514.0,2248.33,Alejandra Ramos,TRUJILLO,40.0,REGULAR,2024-05-19,3536.0,2024-01
V0450,2024-02-27,C0045,P156,TRUJILLO,1.0,2027.0,EFECTIVO,AndinaTech MONITOR Ultra 156,MONITOR,1027.0,674.37,Luis García,CUSCO,78.0,VIP,2023-09-24,2027.0,2024-02
V0451,2024-02-14,C0258,P227,CUSCO,9.0,2807.0,EFECTIVO,PeruPC AUDIO Lite 227,AUDIO,890.0,551.07,Fernando Díaz,LIMA,76.0,VIP,2024-01-16,25263.0,2024-02
V0452,2024-02-06,C0124,P259,TRUJILLO,4.0,1102.0,TARJETA,AndinaTech CELULAR Basic 259,CELULAR,764.0,453.37,Jorge Rojas,CUSCO,84.0,VIP,2023-10-03,4408.0,2024-02
V0453,2024-06-26,C0222,P225,LIMA,1.0,2634.0,TARJETA,MaxDigital LAPTOP Lite 225,LAPTOP,3895.0,2590.84,Fernando Gutiérrez,TRUJILLO,43.0,REGULAR,2024-08-29,2634.0,2024-06
V0454,2024-03-01,C0296,P012,TRUJILLO,5.0,2083.0,EFECTIVO,TechNova AUDIO Neo 012,SIN CATEGORIA,658.0,403.38,Cliente 4237,TRUJILLO,77.0,REGULAR,2023-09-10,10415.0,2024-03
V0455,2024-06-03,C0140,P120,CUSCO,1.0,1580.0,EFECTIVO,PeruPC TABLET Max 120,TABLET,490.0,341.63,Diego Vargas,CUSCO,58.0,REGULAR,2023-07-27,1580.0,2024-06
V0456,2024-04-25,C0129,P283,TRUJILLO,5.0,2211.0,EFECTIVO,PeruPC ACCESORIO Max 283,ACCESORIO,152.0,91.35,Estefanía Espinoza,CUSCO,68.0,REGULAR,2024-10-07,11055.0,2024-04
V0457,2024-01-17,C0111,P091,AREQUIPA,10.0,2296.0,TRANSFERENCIA,AndinaTech TABLET Plus 091,TABLET,394.0,270.97,Juan Vargas,PIURA,59.0,REGULAR,2023-12-22,22960.0,2024-01
V0458,2024-05-08,C0059,P188,LIMA,8.0,1753.0,TRANSFERENCIA,MaxDigital LAPTOP Pro 188,LAPTOP,2425.0,1679.24,Karla Vargas,CUSCO,77.0,VIP,2024-10-01,14024.0,2024-05
V0459,2024-04-30,C0233,P176,CUSCO,9.0,617.0,TARJETA,AndinaTech LAPTOP Plus 176,LAPTOP,2815.0,1731.27,Ana Vargas,TRUJILLO,59.0,REGULAR,2024-05-17,5553.0,2024-04
V0460,2024-03-11,C0141,P238,TRUJILLO,9.0,2463.0,TARJETA,PeruPC CELULAR Neo 238,CELULAR,1842.0,1059.34,Patricia Chávez,LIMA,52.0,VIP,2023-09-07,22167.0,2024-03
V0461,2024-04-01,C0284,P067,AREQUIPA,4.0,2360.0,TARJETA,AndinaTech TABLET Neo 067,TABLET,862.0,332.5,Cliente 4561,LIMA,80.0,VIP,2024-06-25,9440.0,2024-04
V0462,2024-04-12,C0316,P077,CUSCO,4.0,2858.0,TRANSFERENCIA,TechNova CELULAR Max 077,CELULAR,2600.0,1743.14,Cliente 6122,SIN REGISTRO,55.0,REGULAR,2024-06-06,11432.0,2024-04
V0463,2024-06-06,C0298,P005,AREQUIPA,7.0,1685.0,TARJETA,AndinaTech AUDIO Ultra 005,AUDIO,497.0,324.89,Cliente 9717,CUSCO,35.0,NUEVO,2024-12-13,11795.0,2024-06
V0464,2024-06-05,C0037,P031,CUSCO,7.0,2710.0,TARJETA,PeruPC CELULAR Basic 031,CELULAR,1742.0,972.61,Carmen Vásquez,LIMA,87.0,REGULAR,2024-11-16,18970.0,2024-06
V0465,2024-05-18,C0308,P286,AREQUIPA,5.0,2471.0,EFECTIVO,PeruPC MONITOR Lite 286,MONITOR,772.0,486.5,Cliente 4891,TRUJILLO,25.0,REGULAR,2023-09-15,12355.0,2024-05
V0466,2024-04-08,C0319,P010,AREQUIPA,5.0,2963.0,TARJETA,TechNova LAPTOP Pro 010,LAPTOP,2954.0,1918.52,Cliente 6282,PIURA,57.0,VIP,2023-10-22,14815.0,2024-04
V0467,2024-03-20,C0233,P281,AREQUIPA,10.0,1576.0,EFECTIVO,AndinaTech ACCESORIO Air 281,ACCESORIO,201.0,140.93,Ana Vargas,TRUJILLO,59.0,REGULAR,2024-05-17,15760.0,2024-03
V0468,2024-01-01,C0175,P249,LIMA,3.0,1052.0,TARJETA,TechNova ACCESORIO Pro 249,ACCESORIO,218.0,124.55,Mónica Paredes,CUSCO,57.0,NUEVO,2023-10-11,3156.0,2024-01
V0469,2024-06-18,C0279,P027,CUSCO,4.0,1324.0,EFECTIVO,PeruPC CELULAR Neo 027,CELULAR,2485.0,1537.99,Cliente 1396,CHICLAYO,37.0,REGULAR,2023-05-06,5296.0,2024-06
V0470,2024-01-16,C0183,P033,AREQUIPA,9.0,2213.0,TRANSFERENCIA,PeruPC CELULAR Plus 033,CELULAR,899.0,558.61,Miguel Rojas,TRUJILLO,77.0,REGULAR,2024-07-07,19917.0,2024-01
V0471,2024-03-03,C0200,P275,LIMA,5.0,860.0,TRANSFERENCIA,PeruPC CELULAR Neo 275,CELULAR,1383.0,903.93,Juan Chávez,LIMA,28.0,VIP,2024-01-02,4300.0,2024-03
V0472,2024-05-30,C0095,P103,LIMA,1.0,2097.0,TARJETA,TechNova CELULAR Lite 103,CELULAR,1355.0,873.87,Valeria Medina,CUSCO,19.0,VIP,2024-05-11,2097.0,2024-05
V0473,2024-04-27,C0147,P040,CUSCO,2.0,1379.0,EFECTIVO,PeruPC AUDIO Basic 040,AUDIO,718.0,395.11,Juan Rodríguez,CHICLAYO,65.0,NUEVO,2023-11-12,2758.0,2024-04
V0474,2024-03-18,C0287,P158,TRUJILLO,5.0,2177.0,EFECTIVO,MaxDigital CELULAR Air 158,CELULAR,2082.0,1414.64,Cliente 3571,PIURA,83.0,VIP,2024-03-23,10885.0,2024-03
V0475,2024-02-22,C0225,P177,AREQUIPA,5.0,1150.0,EFECTIVO,TechNova TABLET Air 177,TABLET,1042.0,586.28,Mónica Quispe,CUSCO,75.0,REGULAR,2023-11-05,5750.0,2024-02
V0476,2024-04-29,C0260,P061,CUSCO,6.0,56.0,EFECTIVO,PeruPC CELULAR Ultra 061,CELULAR,2874.0,1772.7,Gabriela Quispe,PIURA,51.0,NUEVO,2023-06-07,336.0,2024-04
V0477,2024-06-22,C0214,P118,LIMA,9.0,720.0,EFECTIVO,TechNova MONITOR Lite 118,MONITOR,733.0,522.41,Estefanía García,TRUJILLO,79.0,NUEVO,2024-05-13,6480.0,2024-06
V0478,2024-06-30,C0033,P020,AREQUIPA,1.0,2498.0,EFECTIVO,TechNova MONITOR Neo 020,MONITOR,1123.0,791.03,Renzo Castillo,PIURA,53.0,REGULAR,2023-08-03,2498.0,2024-06
V0479,2024-06-03,C0018,P106,CUSCO,8.0,1076.0,EFECTIVO,AndinaTech LAPTOP Pro 106,LAPTOP,2547.0,1648.94,César Paredes,TRUJILLO,86.0,NUEVO,2024-03-19,8608.0,2024-06
V0480,2024-06-28,C0299,P149,LIMA,2.0,1674.0,TRANSFERENCIA,AndinaTech CELULAR Plus 149,CELULAR,3286.0,1848.95,Cliente 6301,CHICLAYO,63.0,REGULAR,2023-02-20,3348.0,2024-06
V0481,2024-04-05,C0063,P201,CUSCO,6.0,681.0,EFECTIVO,MaxDigital AUDIO Pro 201,AUDIO,324.0,188.78,Valeria Castillo,PIURA,36.0,REGULAR,2024-01-25,4086.0,2024-04
V0482,2024-05-08,C0149,P025,CUSCO,5.0,339.0,EFECTIVO,PeruPC AUDIO Neo 025,AUDIO,867.0,592.48,Camila Quispe,CHICLAYO,25.0,NUEVO,2023-11-10,1695.0,2024-05
V0483,2024-05-28,C0291,P035,LIMA,6.0,635.0,EFECTIVO,PeruPC TABLET Neo 035,TABLET,997.0,693.14,Cliente 6579,CUSCO,88.0,NUEVO,2024-11-04,3810.0,2024-05
V0484,2024-01-04,C0047,P240,TRUJILLO,8.0,1657.0,EFECTIVO,TechNova LAPTOP Air 240,LAPTOP,3967.0,2432.01,Patricia Ramos,TRUJILLO,47.0,REGULAR,2023-05-28,13256.0,2024-01
V0485,2024-06-17,C0077,P240,LIMA,1.0,255.0,TARJETA,TechNova LAPTOP Air 240,LAPTOP,3967.0,2432.01,Renzo Aguilar,CUSCO,28.0,VIP,2023-11-30,255.0,2024-06
V0486,2024-04-17,C0090,P262,CUSCO,2.0,261.0,EFECTIVO,PeruPC AUDIO Air 262,AUDIO,719.0,491.06,Karla Rodríguez,PIURA,84.0,VIP,2024-09-30,522.0,2024-04
V0488,2024-05-02,C0240,P247,AREQUIPA,5.0,2860.0,EFECTIVO,PeruPC ACCESORIO Plus 247,ACCESORIO,126.0,77.73,María Quispe,CUSCO,69.0,REGULAR,2023-04-24,14300.0,2024-05
V0490,2024-05-12,C0262,P262,CUSCO,10.0,2370.0,TARJETA,PeruPC AUDIO Air 262,AUDIO,719.0,491.06,Óscar Castillo,SIN REGISTRO,18.0,REGULAR,2023-04-24,23700.0,2024-05
V0491,2024-06-14,C0071,P164,CUSCO,8.0,775.0,TRANSFERENCIA,PeruPC TABLET Neo 164,TABLET,797.0,518.38,María Chávez,TRUJILLO,71.0,REGULAR,2024-08-02,6200.0,2024-06
V0492,2024-06-16,C0171,P209,TRUJILLO,2.0,1432.0,EFECTIVO,TechNova ACCESORIO Plus 209,ACCESORIO,228.0,139.57,Ana Flores,CHICLAYO,55.0,VIP,2023-04-12,2864.0,2024-06
V0493,2024-02-23,C0052,P151,AREQUIPA,1.0,1882.0,TARJETA,AndinaTech CELULAR Lite 151,CELULAR,3036.0,2045.18,Daniela Espinoza,AREQUIPA,62.0,REGULAR,2023-01-26,1882.0,2024-02
V0494,2024-02-19,C0034,P197,TRUJILLO,9.0,2965.0,TRANSFERENCIA,TechNova TABLET Plus 197,TABLET,1139.0,746.97,Giancarlo Ramos,AREQUIPA,63.0,NUEVO,2024-12-18,26685.0,2024-02
V0495,2024-01-11,C0014,P100,AREQUIPA,5.0,1015.0,TARJETA,PeruPC CELULAR Lite 100,CELULAR,926.0,546.03,Miguel Castillo,TRUJILLO,81.0,REGULAR,2024-04-29,5075.0,2024-01
V0496,2024-02-25,C0050,P167,AREQUIPA,2.0,2007.0,EFECTIVO,TechNova CELULAR Plus 167,CELULAR,2160.0,1432.32,Fiorella Díaz,CHICLAYO,42.0,REGULAR,2024-01-12,4014.0,2024-02
V0497,2024-06-14,C0295,P201,LIMA,2.0,1336.0,TARJETA,MaxDigital AUDIO Pro 201,AUDIO,324.0,188.78,Cliente 4511,PIURA,86.0,REGULAR,2024-06-03,2672.0,2024-06
V0498,2024-01-24,C0232,P090,CUSCO,4.0,1968.0,TARJETA,AndinaTech MONITOR Ultra 090,MONITOR,859.0,555.91,María Rojas,TRUJILLO,52.0,REGULAR,2024-02-14,7872.0,2024-01
V0499,2024-02-12,C0161,P164,LIMA,10.0,984.0,TARJETA,PeruPC TABLET Neo 164,TABLET,797.0,518.38,Rosa Quispe,PIURA,80.0,REGULAR,2023-10-07,9840.0,2024-02
V0500,2024-03-27,C0046,P006,TRUJILLO,9.0,713.0,EFECTIVO,TechNova ACCESORIO Max 006,ACCESORIO,210.0,135.89,Rosa Castillo,AREQUIPA,74.0,REGULAR,2024-12-27,6417.0,2024-03
